Data,Conta Corrente,Fonte,Deputado,Emenda,Plano de Ação,Descrição,Secretaria,Classificação,Repasse,Rendimentos,Empenho,Nota,Valor Bruto,IR,ISS,INSS,Valor Liquido nota,Saldo Banco,Anexo NF,LIQ ORDEM,Comprovante Fornecedor,Comprovante IR,Comprovante ISS,Comprovante INSS,PDF Geral,ABA
2023,138628-X,31217,PAULO EDUARDO MARTINS,202338360004, 09032023-036661 / 2023,Sem objeto definid,SEMOP/SAÚDE,Receita,"300.000,00",,,,,,,,0,"300.000,00",,,,,,,,31217
2023,138628-X,31217,PAULO EDUARDO MARTINS,202338360004, 09032023-036661 / 2023,Sem objeto definid,SEMOP/SAÚDE,Despesa,,,33328/2023,1237,"174.085,27","2.089,02","2.089,02",,"169.907,23","125.914,73",1_NE 33328 NF 1237.pdf,,COMP_NF 33328.pdf,1_IR NF 1237.pdf,1_ISS NF 1237.pdf,,,31217
2023,138628-X,31217,PAULO EDUARDO MARTINS,202338360004, 09032023-036661 / 2023,Sem objeto definid,SEMOP/SAÚDE,Despesa,,,33328/2023,1252,"125.914,73","1.510,98","1.510,98",,"122.892,77","0,00E+00",1_NE 33328 NF 1252.pdf,1_LIQ NF 1252.pdf,1_COMP_NF 1252.pdf,1_IR NF 1252.pdf,1_ISS NF 1252.pdf,,#NAME?,31217
2023,138628-X,31217,PAULO EDUARDO MARTINS,202338360004, 09032023-036661 / 2023,Sem objeto definid,SEMOP/SAÚDE,Receita,,"3.691,48",,,,,,,"0,00","3.691,48",,,,,,,,31217
2024,138628-X,31217,PAULO EDUARDO MARTINS,202338360004, 09032023-036661 / 2023,Sem objeto definid,SEMOP/SAÚDE,Receita,,"292,37",,,,,,,0,"3.983,85",,,,,,,,31217
2025,138628-X,31217,PAULO EDUARDO MARTINS,202338360004, 09032023-036661 / 2023,Sem objeto definid,SEMOP/SAÚDE,Receita,,"428,35",,,,,,,0,"4.412,20",,,,,,,,31217
2026,138628-X,31217,PAULO EDUARDO MARTINS,202338360004, 09032023-036661 / 2023,Sem objeto definid,SEMOP/SAÚDE,Receita,,"154,14",,,,,,,0,"4.566,34",,,,,,,,31217
2024,141589-1,1268,WELTER,202445000004,09032024-068194,Sem objeto definido,SESP,Receita,"1.000.000,00",,,,,,,,0,"1.000.000,00",,,,,,,,1268
2024,141589-1,1268,WELTER,202445000004,09032024-068194,Sem objeto definido,SESP,Despesa,,, 32044/2024,105,469,,,,469,"999.531,00",,,,,,,,1268
2024,141589-1,1268,WELTER,202445000004,09032024-068194,Sem objeto definido,SESP,Despesa,,, 36175/2024,5112,"3.285,00",,,,"3.285,00","996.246,00",,,,,,,,1268
2024,141589-1,1268,WELTER,202445000004,09032024-068194,Sem objeto definido,SESP,Despesa,,, 36384/2024,166,"15.028,50",,,,"15.028,50","981.217,50",,,,,,,,1268
2024,141589-1,1268,WELTER,202445000004,09032024-068194,Sem objeto definido,SESP,Despesa,,, 32146/2024,1414,"15.436,46",,,,"15.436,46","965.781,04",,,,,,,,1268
2024,141589-1,1268,WELTER,202445000004,09032024-068194,Sem objeto definido,SESP,Despesa,,,36171/2024,1413,"30.305,88",,,,"30.305,88","935.475,16",,,,,,,,1268
2024,141589-1,1268,WELTER,202445000004,09032024-068194,Sem objeto definido,SESP,Despesa,,,44791/2024, AMBP,"48.600,00",,,,"48.600,00","886.875,16",,,,,,,,1268
2024,141589-1,1268,WELTER,202445000004,09032024-068194,Sem objeto definido,SESP,Despesa,,,43415/2024,reciclismo,"18.700,00",,,,"18.700,00","868.175,16",,,,,,,,1268
2024,141589-1,1268,WELTER,202445000004,09032024-068194,Sem objeto definido,SESP,Despesa,,,45484/2024,Amavolei,"85.400,00",,,,"85.400,00","782.775,16",,,,,,,,1268
2024,141589-1,1268,WELTER,202445000004,09032024-068194,Sem objeto definido,SESP,Despesa,,,45650/2024,Amavolei,"50.000,00",,,,"50.000,00","732.775,16",,,,,,,,1268
2024,141589-1,1268,WELTER,202445000004,09032024-068194,Sem objeto definido,SESP,Despesa,,,32146/2024,1455,"15.436,46",,,,"15.436,46","717.338,70",,,,,,,,1268
2024,141589-1,1268,WELTER,202445000004,09032024-068194,Sem objeto definido,SESP,Receita,,"35.032,87",,,,,,,"0,00","752.371,57",,,,,,,,1268
2025,141589-1,1268,WELTER,202445000004,09032024-068194,Sem objeto definido,SESP,Despesa,,,34742/2024,239,"13.474,60",,,,"13.474,60","738.896,97",,,,,,,,1268
2025,141589-1,1268,WELTER,202445000004,09032024-068194,Sem objeto definido,SESP,Despesa,,,43199/2024,1454,"30.305,88",,,,"30.305,88","708.591,09",,,,,,,,1268
2025,141589-1,1268,WELTER,202445000004,09032024-068194,Sem objeto definido,SESP,Despesa,,,43204/2024,5250,"3.285,00",,,,"3.285,00","705.306,09",,,,,,,,1268
2025,141589-1,1268,WELTER,202445000004,09032024-068194,Sem objeto definido,SESP,Despesa,,,40329/2024,202443,"39.532,89",,,,"39.532,89","665.773,20",,,,,,,,1268
2025,141589-1,1268,WELTER,202445000004,09032024-068194,Sem objeto definido,SESP,Despesa,,,34738/2024,19,"72.705,10",,,,"72.705,10","593.068,10",,,,,,,,1268
2025,141589-1,1268,WELTER,202445000004,09032024-068194,Sem objeto definido,SESP,Despesa,,,31899/2024,3146,"5.394,80",,,,"5.394,80","587.673,30",,,,,,,,1268
2025,141589-1,1268,WELTER,202445000004,09032024-068194,Sem objeto definido,SESP,Despesa,,,36385/2024,58,"13.973,30",,,,"13.973,30","573.700,00",,,,,,,,1268
2025,141589-1,1268,WELTER,202445000004,09032024-068194,Sem objeto definido,SESP,Despesa,,,47027/2024,1512,"30.305,88",,,,"30.305,88","543.394,12",,,,,,,,1268
2025,141589-1,1268,WELTER,202445000004,09032024-068194,Sem objeto definido,SESP,Despesa,,,47029/2024,5390,"3.066,00",,,,"3.066,00","540.328,12",,,,,,,,1268
2025,141589-1,1268,WELTER,202445000004,09032024-068194,Sem objeto definido,SESP,Despesa,,,43207/2024,1501,"15.436,46",,,,"15.436,46","524.891,66",1_NE 43207 NF 1501(princ. pago em 16-12-24 e retenção em jan 2025).pdf,1_O 83472 NF 1501.pdf,1_COMP_NF 1501.pdf,1_IR NF 1501 (principal pago em dezembro-24).pdf,1_ISS NF 1501 (principal pago em dezembro-24).pdf,1_INSS NF 1501 (principal pago em dezembro-24).pdf,,1268
2025,141589-1,1268,WELTER,202445000004,09032024-068194,Sem objeto definido,SESP,Despesa,,,34677/2024,1995,"2.120,40",,,,"2.120,40","522.771,26",2_NE 34677 NF 1995.pdf,2_O 34677 NF 1995.pdf,2_COMP NF 1995.pdf,,,,,1268
2025,141589-1,1268,WELTER,202445000004,09032024-068194,Sem objeto definido,SESP,Despesa,,,47024/2024,1559,"15.436,46",,,,"15.436,46","507.334,80",3_NE 47024 NF 1559.pdf,3_O 47024 NF 1559.pdf,3_COMP NF 1559.pdf,3_IR NF 1559.pdf,3_ISS NF 1559.pdf,3_INSS NF 1559.pdf,,1268
2025,141589-1,1268,WELTER,202445000004,09032024-068194,Sem objeto definido,SESP,Despesa,,,47029/2024,5435,"219,00",,,,"219,00","507.115,80",4_NE 47029 NF 5435.pdf,4_O 2846 NF 5435.pdf,4_COMP NF 5435.pdf,,4_ISS NF 5435.pdf,,,1268
2025,141589-1,1268,WELTER,202445000004,09032024-068194,Sem objeto definido,SESP,Despesa,,,44490/2024,628,"16.632,00",,,,"16.632,00","490.483,80",5_NE 44490 NF 628 (retenç. em fev.).pdf,5_O 581 NF 628 (retenç. em fev.).pdf,5_COMP NF 628 (retenç. em fev.).pdf,5_IR NF 628 (princ. pago em jan-25).pdf,5_ISS NF 628 (princ. pago em jan-25).pdf,5_INSS NF 628 (princ. pago em jan-25).pdf,,1268
2025,141589-1,1268,WELTER,202445000004,09032024-068194,Sem objeto definido,SESP,Despesa,,,44492/2024,623,"7.560,00",,,,"7.560,00","482.923,80",6_NE 44492 NF 623 (retenç. em fev.).pdfk,6_O 590 NF 623 (retenç. em fev.).pdf,6_COMP NF 623 (retenç. em fev.).pdf,6_IR NF 623 (princ. pago em jan-25).pdf,,,,1268
2025,141589-1,1268,WELTER,202445000004,09032024-068194,Sem objeto definido,SESP,Despesa,,,45177/2024,18,"11.340,00",,,,"11.340,00","471.583,80",1_NE 45177 NF 18.pdf,1_O 21781 NF 18.pdf,1_COMP NF 18.pdf,,,,,1268
2025,141589-1,1268,WELTER,202445000004,09032024-068194,Sem objeto definido,SESP,Despesa,,,35682/2024,2647,"5.376,00",,,,"5.376,00","466.207,80",1_NE 35682 NF 2647.pdf,1_O 24652 NF 2647.pdfk,1_COMP NF 2647.pdf,1_IR NF 2647.pdf,,,,1268
2025,141589-1,1268,WELTER,202445000004,09032024-068194,Sem objeto definido,SESP,Despesa,,,22216/2025,2286,"2.128,90",,,,"2.128,90","464.078,90",1_NE 22216 NF 2286.pdf,1_O 47185 NF 2286.pdf,1_COMP NF 2286.pdf,1_IR NF 2286.pdf,,,,1268
2025,141589-1,1268,WELTER,202445000004,09032024-068194,Sem objeto definido,SESP,Despesa,,,22208/2025,2042,"10.550,00",,,,"10.550,00","453.528,90",1_NE 22208 NF 2042.pdf,1_O 47189 NF 2042.pdf,1_COMP NF 2042.pdf,,,,,1268
2025,141589-1,1268,WELTER,202445000004,09032024-068194,Sem objeto definido,SESP,Despesa,,,22211/2025,72,"14.533,50",,,,"14.533,50","438.995,40",2_NE 22211 NF 72.pdf,2_O 47187 NF 72.pdf,2_COMP NF 72.pdf,,,,,1268
2025,141589-1,1268,WELTER,202445000004,09032024-068194,Sem objeto definido,SESP,Despesa,,,22214/2025,5894,"4.858,80",,,,"4.858,80","434.136,60",3_NE 22214 NF 5894.pdf,3_O 47193 NF 5894.pdf,3_COMP NF 5894.pdf,,,,,1268
2025,141589-1,1268,WELTER,202445000004,09032024-068194,Sem objeto definido,SESP,Despesa,,,22213/2025,5635,"11.169,61",,,,"11.169,61","422.966,99",4_NE 22213 NF 5635.pdf,4_O 48271 NF 5635.pdf,4_COMP NF 5635.pdf,,,,,1268
2025,141589-1,1268,WELTER,202445000004,09032024-068194,Sem objeto definido,SESP,Despesa,,,22213/2025,5900,"6.441,00",,,,"6.441,00","416.525,99",5_NE 22213 NF 5900.pdf,5_O 48272 NF 5900.pdfk,5_COMP NF 5900.pdf,,,,,1268
2025,141589-1,1268,WELTER,202445000004,09032024-068194,Sem objeto definido,SESP,Despesa,,,22219/2025,5850,"13.049,70",,,,"13.049,70","403.476,29",6_NE 22219 NF 5850.pdf,6_O 48327 NF 5850.pdf,6_COMP NF 5850.pdfk,,,,,1268
2025,141589-1,1268,WELTER,202445000004,09032024-068194,Sem objeto definido,SESP,Despesa,,,22221/2025,1907,"279,10",,,,"279,10","403.197,19",7_NE 22221 NF 1907.pdf,7_O 48373 NF 1907.pdf,7_COMP NF 1907.pdf,,,,,1268
2025,141589-1,1268,WELTER,202445000004,09032024-068194,Sem objeto definido,SESP,Despesa,,,24953/2025,2014,"12.550,00",,,,"12.550,00","390.647,19",8_NE 24953 NF 2014.pdf,8_O 48603 NF 2014.pdf,8_COMP NF 2014.pdf,,,,,1268
2025,141589-1,1268,WELTER,202445000004,09032024-068194,Sem objeto definido,SESP,Despesa,,,24952/2025,3843,"1.586,00",,,,"1.586,00","389.061,19",9_NE 24952 NF 3843.pdf,9_LIQ 1359 NF 3843.pdfk,9_COMP NF 3843.pdf,,,,,1268
2025,141589-1,1268,WELTER,202445000004,09032024-068194,Sem objeto definido,SESP,Despesa,,,25484/2025,2044,"26.163,00",,,,"26.163,00","362.898,19",10_NE 25484 NF 2044.pdfk,10_LIQ 1383 NF 2044.pdf,10_COMP NF 2044.pdf,,,,,1268
2025,141589-1,1268,WELTER,202445000004,09032024-068194,Sem objeto definido,SESP,Despesa,,,22212/2025,3842,"2.977,00",,,,"2.977,00","359.921,19",11_NE 22212 NF 3842.pdfk,11_LIQ 1346 NF 3842.pdf,11_COMP NF 3842.pdf,,,,,1268
2025,141589-1,1268,WELTER,202445000004,09032024-068194,Sem objeto definido,SESP,Despesa,,,22224/2025,5917,"5.206,00",,,,"5.206,00","354.715,19",1_NE 22224 NF 5917.pdfk,1_LIQ 4059 NF 5917.pdf,1_COMP NF 5917.pdf,,,,,1268
2025,141589-1,1268,WELTER,202445000004,09032024-068194,Sem objeto definido,SESP,Despesa,,,24955/2025,5969,"4.105,50",,,,"4.105,50","350.609,69",2_NE 24955 NF 5969.pdf,2_LIQ 4064 NF 5969.pdf,2_COMP NF 5969.pdf,2_IR NF 5969.pdf,,,,1268
2025,141589-1,1268,WELTER,202445000004,09032024-068194,Sem objeto definido,SESP,Despesa,,,24954/2025,236,"19.360,00",,,,"19.360,00","331.249,69",3_NE 24954 NF 236.pdf,3_LIQ 1373 NF 236.pdf,3_COMP NF 236.pdf,,,,,1268
2025,141589-1,1268,WELTER,202445000004,09032024-068194,Sem objeto definido,SESP,Despesa,,,22223/2025,2511,"3.647,50",,,,"3.647,50","327.602,19",4_NE 22223 NF 2511.pdfk,4_LIQ 1340 NF 2511.pdf,4_COMP NF 2511.pdf,,,,,1268
2025,141589-1,1268,WELTER,202445000004,09032024-068194,Sem objeto definido,SESP,Despesa,,,22209/2025,3841,"27.690,00",,,,"27.690,00","299.912,19",5_NE 22209 NF 3841.pdf,5_LIQ 1388 NF 3841.pdf,5_COMP NF 3841.pdf,,,,,1268
2025,141589-1,1268,WELTER,202445000004,09032024-068194,Sem objeto definido,SESP,Despesa,,,22207/2025,61864228,"1.658,00",,,,"1.658,00","298.254,19",6_NE 22207 NF 61864228.pdf,6_LIQ 1320 NF 61864228.pdf,6_COMP NF 61864228.pdf,,,,,1268
2025,141589-1,1268,WELTER,202445000004,09032024-068194,Sem objeto definido,SESP,Despesa,,,22205/2025,19527,"13.986,00",,,,"13.986,00","284.268,19",1_NE 22205 NF 19527.pdf,1_LIQ 13938 NF 19527.pdf,COMP_NF 19527.pdf,,,,,1268
2025,141589-1,1268,WELTER,202445000004,09032024-068194,Sem objeto definido,SESP,Despesa,,,22210/2025,7488,"5.950,61",,,,"5.950,61","278.317,58",1_NE 22210 NF 7488.pdf,1_LIQ 21499 NF 7488.pdf,1_COMP NF 7488.pdfk,1_IR NF 7488.pdf,,,,1268
2025,141589-1,1268,WELTER,202445000004,09032024-068194,Sem objeto definido,SESP,Receita,,"44.207,33",,,,,,,"0,00","322.524,91",,,,,,,,1268
2026,141589-1,1268,WELTER,202445000004,09032024-068194,Sem objeto definido,SESP,Receita,,"8.543,84",,,,,,,0,"331.068,75",,,,,,,,1268
2023,138628-X,31218,DIEGO GARCIA,202330840002,09032023-035739 / 2023,AQUIS. CAMINHÃO PIPA,SELURB,Receita,"500.000,00",,,,,,,,0,"500.000,00",,,,,,,,31218
2024,138628-X,31218,DIEGO GARCIA,202330840002,09032023-035739 / 2023,AQUIS. CAMINHÃO PIPA,SELURB,Despesa,,, 38307/2024,49061,"494.000,00","6.000,00",,,"488.000,00","6.000,00",1_NE 38307 NF 49061 EMENDA.pdf,1_ O 28252 NF 49061 fonte da emenda.pdf,1_COMP NF 49061 EMENDA.pdf,1_ IR NF 49061 EMENDA.pdf,,,,31218
2024,138628-X,31218,DIEGO GARCIA,202330840002,09032023-035739 / 2023,AQUIS. CAMINHÃO PIPA,SELURB,Despesa,,,38391/2024,49061,"39.520,00","480,00",,,"39.040,00","-33.520,00",2_NE 38391 NF 49061 REC. PROPR..pdf,2_ O 28503 NF 49061 recurso próprio.pdf,2_COMP NF 49061 REC. PROP.pdf,2_IR NF 49061_REC. PROPRIO.pdf,,,,31218
2023,138628-X,31218,DIEGO GARCIA,202330840002,09032023-035739 / 2023,AQUIS. CAMINHÃO PIPA,SELURB,Receita,,"10.583,13",,,,,,,"0,00","-22.936,87",,,,,,,,31218
2024,138628-X,31218,DIEGO GARCIA,202330840002,09032023-035739 / 2023,AQUIS. CAMINHÃO PIPA,SELURB,Receita,,"40.888,26",,,,,,,0,"17.951,39",,,,,,,,31218
2025,138628-X,31218,DIEGO GARCIA,202330840002,09032023-035739 / 2023,AQUIS. CAMINHÃO PIPA,SELURB,Receita,,"26.869,72",,,,,,,0,"44.821,11",,,,,,,,31218
2026,138628-X,31218,DIEGO GARCIA,202330840002,09032023-035739 / 2023,AQUIS. CAMINHÃO PIPA,SELURB,Receita,,"2.755,57",,,,,,,0,"47.576,68",,,,,,,,31218
2023,138628-X,31219,RICARDO BARROS,202333320002,09032023-035917 / 2023, Feiras Livres ,SETRAB,Receita,"300.000,00",,,,,,,,,"300.000,00",,,,,,,,31219
2023,138628-X,31219,RICARDO BARROS,202333320002,09032023-035917 / 2023, Feiras Livres ,SETRAB,Receita,"100.000,00",,,,,,,,,"400.000,00",,,,,,,,31219
2023,138628-X,31219,RICARDO BARROS,202333320002,09032023-035917 / 2023, Feiras Livres ,SETRAB,Receita,,"6.754,75",,,,,,,,"406.754,75",,,,,,,,31219
2024,138628-X,31219,RICARDO BARROS,202333320002,09032023-035917 / 2023, Feiras Livres ,SETRAB,Despesa,,,44090/2024,5335,"6.025,00",,,,"6.025,00","400.729,75",NF 5335.pdf,1_O 83267 NF 5335.pdf,1_COMP NF 5335.pdf,,,,,31219
2024,138628-X,31219,RICARDO BARROS,202333320002,09032023-035917 / 2023, Feiras Livres ,SETRAB,Despesa,,,44297/2024,2678,"15.634,35",,,,"15.634,35","385.095,40",NF 2678.pdf,2_O 83935 NF 2678.pdf,2_COMP NF 2678.pdf,,,,,31219
2024,138628-X,31219,RICARDO BARROS,202333320002,09032023-035917 / 2023, Feiras Livres ,SETRAB,Despesa,,,47326/2024,907,"133.760,00",,,,"133.760,00","251.335,40",NF 907.pdf,4_O 84671 NF 907.pdf,4_COMP NF 907.pdf,,,,,31219
2024,138628-X,31219,RICARDO BARROS,202333320002,09032023-035917 / 2023, Feiras Livres ,SETRAB,Receita,,"32.214,25",,,,,,,,"283.549,65",,,,,,,,31219
2025,138628-X,31219,RICARDO BARROS,202333320002,09032023-035917 / 2023, Feiras Livres ,SETRAB,Despesa,,,44087/2024,83,"13.315,92",,,,"13.315,92","270.233,73",1_NE 44087 NF 083.pdf,1_1250 NF 83.pdf,1_COMP NF 83.pdf,,,,,31219
2025,138628-X,31219,RICARDO BARROS,202333320002,09032023-035917 / 2023, Feiras Livres ,SETRAB,Despesa,,,8031/2025,4527,"76.500,00",,,,"76.500,00","193.733,73",1_NE 8031 NF 4527.pdf,1_ O 34564 NF 4527.pdf,,,,,,31219
2025,138628-X,31219,RICARDO BARROS,202333320002,09032023-035917 / 2023, Feiras Livres ,SETRAB,Receita,,"24.703,00",,,,,,,,"218.436,73",,,,,,,,31219
2026,138628-X,31219,RICARDO BARROS,202333320002,09032023-035917 / 2023, Feiras Livres ,SETRAB,Receita,,"5.786,37",,,,,,,,"224.223,10",,,,,,,,31219
2023,138628-X,31220,RICARDO BARROS,202333320002,09032023-035917 / 2023,Salões Comunitários ,AMETRO,Receita,"500.000,00",,,,,,,,0,"500.000,00",,,,,,,,31220
2023,138628-X,31220,RICARDO BARROS,202333320002,09032023-035917 / 2023,Salões Comunitários ,AMETRO,Receita,,"1.983,97",,,,,,,0,"501.983,97",,,,,,,,31220
2024,138628-X,31220,RICARDO BARROS,202333320002,09032023-035917 / 2023,Salões Comunitários ,AMETRO,Despesa,,,13817/2024,3636,"500.000,00","6.000,00","6.000,00",,"488.000,00","1.983,97",NE 13817 NF 3636 CTP.pdf,1_O 13817 NF 3636.pdf,COMP NF 3636.pdf,IR NF 3636.pdf,ISS NF 3636.pdf,,,31220
2024,138628-X,31220,RICARDO BARROS,202333320002,09032023-035917 / 2023,Salões Comunitários ,AMETRO,Receita,,"11.937,24",,,,,,,"0,00","13.921,21",,,,,,,,31220
2025,138628-X,31220,RICARDO BARROS,202333320002,09032023-035917 / 2023,Salões Comunitários ,AMETRO,Receita,,"1.514,80",,,,,,,0,"15.436,01",,,,,,,,31220
2026,138628-X,31220,RICARDO BARROS,202333320002,09032023-035917 / 2023,Salões Comunitários ,AMETRO,Receita,,"544,38",,,,,,,0,"15.980,39",,,,,,,,31220
2023,138628-X,31222,SARGENTO FAHUR,202340660001,09032023-038080,Guarda Municipal e Defesa Civil ,SSM,Receita,"457.253,00",,,,,,,,0,"457.253,00",,,,,,,,31222
2023,138628-X,31222,SARGENTO FAHUR,202340660001,09032023-038080,Guarda Municipal e Defesa Civil ,SSM,Receita,,"13.602,36",,,,,,,0,"470.855,36",,,,,,,,31222
2024,138628-X,31222,SARGENTO FAHUR,202340660001,09032023-038080,Guarda Municipal e Defesa Civil ,SSM,Receita,,"37.706,82",,,,,,,0,"508.562,18",,,,,,,,31222
2025,138628-X,31222,SARGENTO FAHUR,202340660001,09032023-038080,Guarda Municipal e Defesa Civil ,SSM,Despesa,,,4976/2025,1747,"28.200,00",,,,"28.200,00","480.362,18",1_NE 4976 NF 1747.pdf,1_ O 28147 NF 1747.pdf,1_COMP NF 1747.pdf,,,,,31222
2025,138628-X,31222,SARGENTO FAHUR,202340660001,09032023-038080,Guarda Municipal e Defesa Civil ,SSM,Despesa,,,16277/2025,40353,"70.918,50","851,02",,,"70.067,48","409.443,68",1_NE 16277 NF 40353.pdf,1_ O 33731 NF 40353.pdf,1_COMP NF 40353.pdf,1_ IR NF 40353.pdf,,,,31222
2025,138628-X,31222,SARGENTO FAHUR,202340660001,09032023-038080,Guarda Municipal e Defesa Civil ,SSM,Despesa,,,5675/2025,59456,"244.500,00","2.934,00",,,"241.566,00","164.943,68",1_NE 5675 NF 59456.pdf,1_O 46786 NF 59456.pdf,1_COMP NF 59456.pdf,1_IR NF 59456.pdf,,,,31222
2025,138628-X,31222,SARGENTO FAHUR,202340660001,09032023-038080,Guarda Municipal e Defesa Civil ,SSM,Despesa,,,5677/2025,491859,"97.500,00","1.170,00",,,"96.330,00","67.443,68",2_NE 5677 NF 491859.pdf,2_COMP NF 491859.pdf,2_COMP NF 491859.pdf,2_IR NF 491859.pdf,,,,31222
2025,138628-X,31222,SARGENTO FAHUR,202340660001,09032023-038080,Guarda Municipal e Defesa Civil ,SSM,Despesa,,,13106/2025,512,"589,00","7,07",,,"581,93","66.854,68",3_NE 13106 NF 512.pdf,3_O 38628 NF 512.pdf,3_COMP NF 512.pdf,3_IR NF 512.pdf,,,,31222
2025,138628-X,31222,SARGENTO FAHUR,202340660001,09032023-038080,Guarda Municipal e Defesa Civil ,SSM,Receita,,"29.771,29",,,,,,,0,"96.625,97",,,,,,,,31222
2026,138628-X,31222,SARGENTO FAHUR,202340660001,09032023-038080,Guarda Municipal e Defesa Civil ,SSM,Receita,,"2.559,60",,,,,,,0,"99.185,57",,,,,,,,31222
2023,138628-X,31241,ENIO VERRI,202330920003,09032023-035780,Esporte e Lazer,SESP,Receita,"1.000.000,00",,,,,,,,0,"1.000.000,00",,,,,,,,31241
2023,138628-X,31241,ENIO VERRI,202330920003,09032023-035781,Esporte e Lazer,SESP,Receita,,"21.166,28",,,,,,,0,"1.021.166,28",,,,,,,,31241
2023,138628-X,31241,ENIO VERRI,202330920003,09032023-035782,Esporte e Lazer,SESP,Receita,,"57.031,68",,,,,,,0,"1.078.197,96",,,,,,,,31241
2025,138628-X,31241,ENIO VERRI,202330920003,09032023-035783,Esporte e Lazer,SESP,Despesa,,, 2583/2024,18734,"629.700,00","7.556,40",,,"622.143,60","448.497,96",1_NE 2583 NF 18734.pdf,1_O 2583 NF 18734.pdf,1_COMP NF 18734.pdf,1_IR NE 2583 NF 18734.pdf,,,,31241
2025,138628-X,31241,ENIO VERRI,202330920003,09032023-035784,Esporte e Lazer,SESP,Despesa,,,21697/2025,3183060,"67.840,00","814,09",,,"67.025,91","380.657,96",1_NE 21697 NF 3183060.pdf,1_LIQ NF 3183060.pdf,1_COMP_NF 3183060.pdf,1_IR NF 3183060.pdf,,,,31241
2025,138628-X,31241,ENIO VERRI,202330920003,09032023-035785,Esporte e Lazer,SESP,Despesa,,,38040/2025,14,"12.372,50",,,,"12.372,50","368.285,46",1_NE 38040 NF 14.pdf,1_LIQ NF 14.pdf,COMP_NF14.pdf,,,,,31241
2025,138628-X,31241,ENIO VERRI,202330920003,09032023-035786,Esporte e Lazer,SESP,Despesa,,,28314/2025,895,"31.978,00",,,,"31.978,00","336.307,46",2_NE 28314 NF 895.pdf,2_LIQ NF 895.pdf,2_COMP_NF895.pdf,,,,,31241
2025,138628-X,31241,ENIO VERRI,202330920003,09032023-035787,Esporte e Lazer,SESP,Receita,,"46.429,08",,,,,,,"0,00","382.736,54",,,,,,,,31241
2026,138628-X,31241,ENIO VERRI,202330920003,09032023-035788,Esporte e Lazer,SESP,Despesa,,,45284/2025,978,770,,,,770,"381.966,54",1_NE 45284 NF 978.pdf,1_LIQ 340 NF 978.pdf,1_COMP_NF 978.pdf,,,,,31241
2026,138628-X,31241,ENIO VERRI,202330920003,09032023-035789,Esporte e Lazer,SESP,Despesa,,,45107/2025,1389,"13.600,00","163,2",,,"13.436,80","368.366,54",2_NE 45107 NF 1389.pdf,2_LIQ 3256 NF 1389.pdf,2_COMP_NF 1389.pdf,2_IR NF 1389.pdf,,,,31241
2026,138628-X,31241,ENIO VERRI,202330920003,09032023-035790,Esporte e Lazer,SESP,Despesa,,,45086/2025,5822,"5.600,00","67,2",,,"5.532,80","362.766,54",1_NE 45086 NF 5822.pdf,1_LIQ 3132 NF 5822.pdf,1_COMP_NF 5822.pdf,1_IR NF 5822.pdf,,,,31241
2026,138628-X,31241,ENIO VERRI,202330920003,09032023-035791,Esporte e Lazer,SESP,Despesa,,,45275/2025,5832,"6.273,70",,,,"6.273,70","356.492,84",2_NE 45275 NF 5832.pdf,2_LIQ 3182 NF 5832.pdf,2_COMP_NF 5832.pdf,,,,,31241
2026,138628-X,31241,ENIO VERRI,202330920003,09032023-035792,Esporte e Lazer,SESP,Despesa,,,45277/2025,1388,"3.400,00","40,8",,,"3.359,20","353.092,84",3_NE 45277 NF 1388.pdf,3_LIQ 3123 NF 1388.pdf,3_COMP_NF 1388.pdf,3_IR NF 1388.pdf,,,,31241
2026,138628-X,31241,ENIO VERRI,202330920003,09032023-035793,Esporte e Lazer,SESP,Despesa,,,45095/2025,5865,"3.209,00","38,5",,,"3.170,50","349.883,84",4_NE 45095 NF 5865.pdf,4_LIQ 3139 NF 5865.pdf,4_COMP_NF 5865.pdf,4_IR NF 5865.pdf,,,,31241
2026,138628-X,31241,ENIO VERRI,202330920003,09032023-035794,Esporte e Lazer,SESP,Despesa,,,45279/2025,373,"3.086,97",,,,"3.086,97","346.796,87",5_NE 45279 NF 373.pdf,5_LIQ 4843 NF 373.pdf,5_COMP_NF 373.pdf,,,,,31241
2026,138628-X,31241,ENIO VERRI,202330920003,09032023-035795,Esporte e Lazer,SESP,Despesa,,,45282/2025,454,"49.000,00",,,,"49.000,00","297.796,87",6_NE 45282 NF 454.pdf,6_LIQ 6755 NF 454.pdf,6_COMP_NF 454.pdf,,,,,31241
2026,138628-X,31241,ENIO VERRI,202330920003,09032023-035796,Esporte e Lazer,SESP,Despesa,,,45278/2025,455,"9.800,00",,,,"9.800,00","287.996,87",7_NE 45278 NF 455.pdf,7_LIQ 6769 NF 455.pdf,7_COMP_NF 455.pdf,,,,,31241
2026,138628-X,31241,ENIO VERRI,202330920003,09032023-035797,Esporte e Lazer,SESP,Despesa,,,45285/2025,253,"7.920,00",,,,"7.920,00","280.076,87",8_NE 45285 NF 253.pdf,8_LIQ 7321 NF 253.pdf,8_COMP_NF 253.pdf,,,,,31241
2026,138628-X,31241,ENIO VERRI,202330920003,09032023-035798,Esporte e Lazer,SESP,Despesa,,,45281/2025,6424,"3.844,00","46,12",,,"3.797,88","276.232,87",9_NE 45281 NF 6424.pdf,9_LIQ 4788 NF 6424.pdf,9_COMP_NF 6424.pdf,"9_IR NF 6424 - diferenca 0,01.pdf",,,,31241
2026,138628-X,31241,ENIO VERRI,202330920003,09032023-035799,Esporte e Lazer,SESP,Despesa,,,45089/2025,5540,"7.980,00",,,,"7.980,00","268.252,87",10_NE 45089 NF 5540.pdf,10_LIQ 7441 NF 5540.pdf,10_COMP_NF 5540.pdf,,,,,31241
2026,138628-X,31241,ENIO VERRI,202330920003,09032023-035800,Esporte e Lazer,SESP,Despesa,,,45096/ 2025,1980,"1.400,00","16,8",,,"1.383,20","266.852,87",1_NE 45096 NF 1980.pdf,1_LIQ 17545 NF 1980.pdf,1_COMP_NF 1980.pdf,1_IR NF 1980.pdf,,,,31241
2026,138628-X,31241,ENIO VERRI,202330920003,09032023-035801,Esporte e Lazer,SESP,Despesa,,,7187/2026,3568,"3.377,66","40,53",,,"3.337,13","263.475,21",2_NE 7187 NF 3568.pdf,2_LIQ 18048 NF 3568.pdf,2_COMP_NF 3568.pdf,2_IR NF 3568.pdf,,,,31241
2026,138628-X,31241,ENIO VERRI,202330920003,09032023-035802,Esporte e Lazer,SESP,Despesa,,,7186/2026,6651,"850,00","10,2",,,"839,80","262.625,21",1_NE 7186 NF 6651.pdf,1_LIQ 19692 NF 6651.pdf,1_COMP_NF 6651.pdf,1_IR NF 6651.pdf,,,,31241
2026,138628-X,31241,ENIO VERRI,202330920003,09032023-035803,Esporte e Lazer,SESP,Despesa,,,45105/2025,3837,"8.383,60","100,6",,,"8.283,00","254.241,61",2_NE 45105 NF 3837.pdf,2_LIQ 20384 NF 3837.pdf,2_COMP_NF 3837.pdf,2_IR NF 3837.pdf,,,,31241
2026,138628-X,31241,ENIO VERRI,202330920003,09032023-035804,Esporte e Lazer,SESP,Despesa,,,45097/2025,542,"29.920,00",,,,"29.920,00","224.321,61",3_NE 45097 NF 542.pdf,3_LIQ 20697 NF 542.pdf,3_COMP_NF 542.pdf,,,,,31241
2026,138628-X,31241,ENIO VERRI,202330920003,09032023-035805,Esporte e Lazer,SESP,Despesa,,,10086/2026,824,"24.450,72","293,41",,,"24.157,31","199.870,89",1_NE 10086 NF 824.pdf,1_LIQ NF 824.pdf,1_COMP NF 824.pdf,1_IR NF 824.pdf,,,,31241
2026,138628-X,31241,ENIO VERRI,202330920003,09032023-035806,Esporte e Lazer,SESP,Receita,,"8.405,57",,,,,,,"0,00","208.276,46",,,,,,,,31241
2024,141592-1,1265,SERGIO MORO,202442770003,09032024-064843,aquisição de veículo e armamento,SECSSM,Receita,"500.000,00",,,,,,,,0,"500.000,00",,,,,,,,1265
2024,141592-1,1265,SERGIO MORO,202442770003,09032024-064843,aquisição de veículo e armamento,SECSSM,Receita,,"1.655,27",,,,,,,0,"501.655,27",,,,,,,,1265
2025,141592-1,1265,SERGIO MORO,202442770003,09032024-064843,aquisição de veículo e armamento,SECSSM,Despesa,,, 4846/2025,19353,"147.070,00","1.764,84",,,"145.305,16","354.585,27",1_NE 4846 NF 19353.pdf,1_ 2_O 26734 NF 19353 e 19354.pdf,1_2_Comp NF 19353 e 19354.pdf,1_ IR NF 19353.pdf,,,,1265
2025,141592-1,1265,SERGIO MORO,202442770003,09032024-064843,aquisição de veículo e armamento,SECSSM,Despesa,,, 4846/2025,19354,"147.070,00","1.764,84",,,"145.305,16","207.515,27",2_NE 4846 NF 19354.pdf,1_ 2_O 26734 NF 19353 e 19354.pdf,1_2_Comp NF 19353 e 19354.pdf,2_ IR NF 19354.pdf,,,,1265
2025,141592-1,1265,SERGIO MORO,202442770003,09032024-064843,aquisição de veículo e armamento,SECSSM,Despesa,,, 4839/2025,1746,"18.800,00",,,,"18.800,00","188.715,27",3_NE 4839 NF 1746.pdf,3_ O 28150 NF 1746.pdf,3_Comp NF 1746.pdf,,,,,1265
2025,141592-1,1265,SERGIO MORO,202442770003,09032024-064843,aquisição de veículo e armamento,SECSSM,Despesa,,,16281/2025,40354,"37.411,04","448,93",,,"36.962,11","151.304,23",1_NE 16281 NF 40354.pdf,1_ O 33764 NF 40354.pdf,1_COMP NF 40354.pdf,1_ IR NF 40354.pdf,,,,1265
2025,141592-1,1265,SERGIO MORO,202442770003,09032024-064843,aquisição de veículo e armamento,SECSSM,Despesa,,,13301/2025,19453,"147.070,00","1.764,84",,,"145.305,16","4.234,23",1_NE 13301 NF 19453.pdf,1_O 36777 NF 19453.pdf,1_COMP NF 19453.pdf,1_ IR NF 19453.pdf,,,,1265
2025,141592-1,1265,SERGIO MORO,202442770003,09032024-064843,aquisição de veículo e armamento,SECSSM,Despesa,,,42542/2025,361,"13.700,00",,,,"13.700,00","-9.465,77",1_NE 42542 NF 361.pdf,1_LIQ NF 361.pdf,1_COMP_NF 361.pdf,,,,,1265
2025,141592-1,1265,SERGIO MORO,202442770003,09032024-064843,aquisição de veículo e armamento,SECSSM,Despesa,,,42544/2025,1226,"1.097,90",,,,"1.097,90","-10.563,67",2_NE 42544 NF 1226.pdf,2_LIQ NF 1226.pdf,2_COMP_NF 1226.pdf,,,,,1265
2025,141592-1,1265,SERGIO MORO,202442770003,09032024-064843,aquisição de veículo e armamento,SECSSM,Receita,,"21.733,56",,,,,,,"0,00","11.169,89",,,,,,,,1265
2026,141592-1,1265,SERGIO MORO,202442770003,09032024-064843,aquisição de veículo e armamento,SECSSM,Despesa,,,41591/2025,1562,"3.850,00",,,,"3.850,00","7.319,89",1_NE 41591 NF 1562.pdf,,1_comp nf 1562.pdf,,,,,1265
2026,141592-1,1265,SERGIO MORO,202442770003,09032024-064843,aquisição de veículo e armamento,SECSSM,Despesa,,,45202/2025,5828,"7.080,00","84,96",,,"6.995,04",240,2_NE 45202 e NE 2338-fonte 2000- NF 5828.pdf,,2_comp nf 5828.pdf,2_ IR NF 5828.pdf,,,,1265
2026,141592-1,1265,SERGIO MORO,202442770003,09032024-064843,aquisição de veículo e armamento,SECSSM,Receita,,"102,83",,,,,,,"0,00",343,,,,,,,,1265
2026,569794475-2,1414,LUIZ NISHIMORI,202628740001, 09032025-208684601.04.00068742/2026.15,obras de revitalização e melhoria da infraestrutura do Parque Alfredo Werner Nyffeller,SAET/SEMOP,,"0,00",,,,,,,,,"0,00",,,,,,,,1414
2026,569487316-1,1413,SERGIO MORO,202642770001,09032026-094228,aquisição de viaturas para Guarda Municipal,SSM,,"0,00",,,,,,,,,"0,00",,,,,,,,1413
2026,569446576-4,1417,SARGENTO FAHUR,202640660002,09032026-092272,"intermediação, interpretação e tradução de Libras",SEPED,,"0,00",,,,,,,,,"0,00",,,,,,,,1417
2026,569487315-3,1412,LUIZ NISHIMORI,202628740001,09032026-092240,aquisição de veículo,SEPED,,"0,00",,,,,,,,,"0,00",,,,,,,,1412
2025,574600791-5,1295,RICARDO BARROS,202533320005,09032025-076698/2025,,SAET,Receita,"1.980.000,00",,,,,,,,0,"1.980.000,00",,,,,,,,1295
2025,574600791-5,1295,RICARDO BARROS,202533320005,09032025-076698/2025,,SAET,Receita,,"26.736,91",,,,,,,0,"2.006.736,91",,,,,,,,1295
2025,574600791-5,1295,RICARDO BARROS,202533320005,09032025-076698/2025,,SAET,Receita,,"27.097,94",,,,,,,0,"2.033.834,85",,,,,,,,1295
2025,574393671-0,1373,RICARDO BARROS,202533320005,09032025-076699/2025,,SAÚDE,Receita,"396.000,00",,,,,,,,0,"396.000,00",,,,,,,,1373
2025,574393671-0,1373,RICARDO BARROS,202533320005,09032025-076699/2025,,SAÚDE,Receita,,,,,,,,,0,"396.000,00",,,,,,,,1373
2025,574393671-0,1373,RICARDO BARROS,202533320005,09032025-076699/2025,,SAÚDE,Receita,,,,,,,,,0,"396.000,00",,,,,,,,1373
2025,574881322-6,1361,RICARDO BARROS ,202533320005,09092025-076700/202,SAET,,Receita,"198.000,00",,,,,,,,0,"198.000,00",,,,,,,,1361
2025,574881322-6,1361,RICARDO BARROS ,202533320005,09092025-076700/202,SAET,,Receita,,"2.673,89",,,,,,,0,"200.673,89",,,,,,,,1361
2025,574881322-6,1361,RICARDO BARROS ,202533320005,09092025-076700/202,SAET,,Receita,,"1.350,66",,,,,,,0,"202.024,55",,,,,,,,1361
2025,574600792-3,1317,RICARDO BARROS,202533320005,09032025-076701/202,,SAS,Receita,"990.000,00",,,,,,,,0,"990.000,00",,,,,,,,1317
2025,574600792-3,1317,RICARDO BARROS,202533320005,09032025-076701/202,,SAS,Receita,,"13.368,45",,,,,,,0,"1.003.368,45",,,,,,,,1317
2025,574600792-3,1317,RICARDO BARROS,202533320005,09032025-076701/202,,SAS,Receita,,"13.548,97",,,,,,,0,"1.016.917,42",,,,,,,,1317
2025,574881323-4,1360,Ricardo Barros,202533320005, 09032025-076702/2025,,SAET,Receita,"198.000,00",,,,,,,,0,"198.000,00",,,,,,,,1360
2025,574881323-4,1360,Ricardo Barros,202533320005, 09032025-076702/2025,,SAET,Receita,,,,,,,,,0,"198.000,00",,,,,,,,1360
2025,574881323-4,1360,Ricardo Barros,202533320005, 09032025-076702/2025,,SAET,Receita,,,,,,,,,0,"198.000,00",,,,,,,,1360
2021,133308-9,1694,Ricardo Barros,202133320001,09032021-011046/2021,Sem objeto definido,SEMULHER,Receita,"150.000,00",,,,,,,,"0,00","150.000,00",,,,,,,,1694
2021,133308-9,1694,Ricardo Barros,202133320001,09032021-011046/2021,Sem objeto definido,SEMULHER,Receita,,"2.844,27",,,,,,,"0,00","152.844,27",,,,,,,,1694
2022,133308-9,1694,Ricardo Barros,202133320001,09032021-011046/2021,Sem objeto definido,SEMULHER,Receita,,"14.948,38",,,,,,,"0,00","167.792,65",,,,,,,,1694
2023,133308-9,1694,Ricardo Barros,202133320001,09032021-011046/2021,Sem objeto definido,SEMULHER,Receita,,"17.242,14",,,,,,,"0,00","185.034,79",,,,,,,,1694
2024,133308-9,1694,Ricardo Barros,202133320001,09032021-011046/2021,Sem objeto definido,SEMULHER,Despesa,,,8953/2024,109500,"105.000,00","1.260,00",,,"103.740,00","80.034,79",1_NE 8953 NF 109500.pdf,1_O 8953 NF 109500.pdf,1_COMP NF 109500.pdf,1_IR NF 109500.pdf,,,,1694
2024,133308-9,1694,Ricardo Barros,202133320001,09032021-011046/2021,Sem objeto definido,SEMULHER,Receita,,"5.359,45",,,,,,,"0,00","85.394,24",,,,,,,,1694
2025,133308-9,1694,Ricardo Barros,202133320001,09032021-011046/2021,Sem objeto definido,SEMULHER,Despesa,,,10703/2024,109499,"80.034,50","960,42",,,"79.074,08","5.359,74",2_NE 10703 e 10704 NF 109499.pdf,2_O 10703 e 10704 NF 109499.pdf,2_COMP NF 109499.pdf,2_IR NF 109499.pdf,,,,1694
2025,133308-9,1694,Ricardo Barros,202133320001,09032021-011046/2021,Sem objeto definido,SEMULHER,Despesa,,,12768/2025,315812,"4.240,00","50,87",,,"4.189,13","1.119,74",1_NE 12768 NF 3153812.pdf,1_O 37092 NF 3153812.pdf,1_COMP NF 3153812.pdf,1_IR NF 3153812.pdf,,,,1694
2025,133308-9,1694,Ricardo Barros,202133320001,09032021-011046/2021,Sem objeto definido,SEMULHER,Receita,,"363,11",,,,,,,0,"1.482,85",,,,,,,,1694
2026,133308-9,1694,Ricardo Barros,202133320001,09032021-011046/2021,Sem objeto definido,SEMULHER,Receita,,"52,7",,,,,,,"0,00","1.535,55",,,,,,,,1694
2025,574600793-1,1359,LUIZ NISHIMORI,202528740001,09032025-080257/2025,,SESP,Receita,"425.700,00",,,,,,,,"0,00","425.700,00",,,,,,,,1359
2025,574600793-1,1359,LUIZ NISHIMORI,202528740001,09032025-080257/2025,,SESP,Receita,,,,,,,,,"0,00","425.700,00",,,,,,,,1359
2025,574600793-1,1359,LUIZ NISHIMORI,202528740001,09032025-080257/2025,,SESP,Receita,,,,,,,,,"0,00","425.700,00",,,,,,,,1359
2025,574516448-0,,SARGENTO FAHUR ,202540660012,09032025-079799/2025,SETRAB,Receita,"198.000,00",,,,,,,,0,"198.000,00",,,,,,,,,1364
2025,574516448-0,,SARGENTO FAHUR ,202540660012,09032025-079799/2025,SETRAB,Receita,,"2.688,86",,,,,,,0,"200.688,86",,,,,,,,,1364
2025,574516448-0,,SARGENTO FAHUR ,202540660012,09032025-079799/2025,SETRAB,Receita,,"3.542,31",,,,,,,0,"204.231,17",,,,,,,,,1364
2025,574024377-3,1368,ZECA DIRCEU,202528490012,09032025-082197/2025,SEMOP,Receita,"594.000,00",,,,,,,,0,"594.000,00",,,,,,,,,1368
2025,574024377-3,1368,ZECA DIRCEU,202528490012,09032025-082197/2025,SEMOP,Receita,,,,,,,,,0,"594.000,00",,,,,,,,,1368
2026,574024377-3,1368,ZECA DIRCEU,202528490012,09032025-082197/2025,SEMOP,Receita,,,,,,,,,0,"594.000,00",,,,,,,,,1368
2025,573443105-9,1387,SARGENTO FAHUR,202540660012,09032025-2086846,SEMOB,Receita,"396.000,00",,,,,,,,0,"396.000,00",,,,,,,,,1387
2025,573443105-9,1387,SARGENTO FAHUR,202540660012,09032025-2086846,SEMOB,Receita,,,,,,,,,0,"396.000,00",,,,,,,,,1387
2026,573443105-9,1387,SARGENTO FAHUR,202540660012,09032025-2086846,SEMOB,Receita,,,,,,,,,0,"396.000,00",,,,,,,,,1387
2024,141588-3,1267,RICARDO BARROS,202433320005,09032024-068942 , Aquisição de equipamentos e veículo,SELURB,Receita,"835.792,00",,,,,,,,0,"835.792,00",,,,,,,,1267
2024,141588-3,1267,RICARDO BARROS,202433320005,09032024-068942 , Aquisição de equipamentos e veículo,SELURB,Receita,,"3.047,56",,,,,,,0,"838.839,56",,,,,,,,1267
2025,141588-3,1267,RICARDO BARROS,202433320005,09032024-068942, Aquisição de equipamentos e veículo,SELURB,Receita,,"91.009,52",,,,,,,"0,00","929.849,08",,,,,,,,1267
2026,141588-3,1267,RICARDO BARROS,202433320005,09032024-068942, Aquisição de equipamentos e veículo,SELURB,Receita,,"15.708,93",,,,,,,"0,00","945.558,01",,,,,,,,1267
2023,138628-X,31221,ENIO VERRI,202330920003,09032023-035780 / 2023,Espaços Culturais ,SEMUC,Receita,"300.000,00",,,,,,,,,"300.000,00",,,,,,,,31221
2023,138628-X,31221,ENIO VERRI,202330920003,09032023-035780 / 2023,Espaços Culturais ,SEMUC,Receita,,"7.164,54",,,,,,,,"307.164,54",,,,,,,,31221
2024,138628-X,31221,ENIO VERRI,202330920003,09032023-035780 / 2023,Espaços Culturais ,SEMUC,Despesa,,,34376/2024,134146,"19.800,00","237,6",,,"19.562,40","287.364,54",1_NE 34376 NF 134146.pdf,1_O 65184 NF 134146.pdf,1_COMP NF 134146.pdf,1_IR NF 134146.pdf,,,,31221
2024,138628-X,31221,ENIO VERRI,202330920003,09032023-035780 / 2023,Espaços Culturais ,SEMUC,Despesa,,,31638/2024,1209,"57.198,00",,,,"57.198,00","230.166,54",1_NE 31638 NF 1209.pdf,1_O 75195 NF 1209.pdf,1_COMP NF 1209.pdf,,,,,31221
2024,138628-X,31221,ENIO VERRI,202330920003,09032023-035780 / 2023,Espaços Culturais ,SEMUC,Despesa,,,34813/2024,220,"28.258,66",,,,"28.258,66","201.907,88",1_34813 NF 220.pdf,1_O 80466 NF 220.pdf,1_COMP NF 220.pdf,,,,,31221
2024,138628-X,31221,ENIO VERRI,202330920003,09032023-035780 / 2023,Espaços Culturais ,SEMUC,Despesa,,,45595/2024,223,"5.847,68",,,,"5.847,68","196.060,20",2_45595 NF 223.pdf,2_O 80506 NF 223.pdf,2_COMP NF 223.pdf,,,,,31221
2024,138628-X,31221,ENIO VERRI,202330920003,09032023-035780 / 2023,Espaços Culturais ,SEMUC,Receita,,"23.697,23",,,,,,,,"219.757,43",,,,,,,,31221
2025,138628-X,31221,ENIO VERRI,202330920003,09032023-035780 / 2023,Espaços Culturais ,SEMUC,Despesa,,,47695/2024,4979,"6.999,92",,,,"6.999,92","212.757,51",1_NE 47695 NF 4979.pdf,1_O 13113 NF 4979.pdf,,,,,,31221
2025,138628-X,31221,ENIO VERRI,202330920003,09032023-035780 / 2023,Espaços Culturais ,SEMUC,Despesa,,,34819/2024,289,54957,,,,"54.957,00","157.800,51",2_NE 34819 NF 289.pdf,2_O 15941 NF 289.pdf,,,,,,31221
2025,138628-X,31221,ENIO VERRI,202330920003,09032023-035780 / 2023,Espaços Culturais ,SEMUC,Despesa,,,17864/2025,53,1505,,,,"1.505,00","156.295,51",1_NE 17864 NF 53.pdf,,,,,,,31221
2025,138628-X,31221,ENIO VERRI,202330920003,09032023-035780 / 2023,Espaços Culturais ,SEMUC,Despesa,,,7782/2025,5393,68360,,,,"68.360,00","87.935,51",1_NE 7782 NF 5393.pdf,,,,,,,31221
2025,138628-X,31221,ENIO VERRI,202330920003,09032023-035780 / 2023,Espaços Culturais ,SEMUC,Despesa,,,17863/2025,,2300,,,,"2.300,00","85.635,51",1_NE 17863 NF 1280.pdf,,,,,,,31221
2025,138628-X,31221,ENIO VERRI,202330920003,09032023-035780 / 2023,Espaços Culturais ,SEMUC,Receita,,16054,,,,,,,,"101.689,51",,,,,,,,31221
2026,138628-X,31221,ENIO VERRI,202330920003,09032023-035780 / 2023,Espaços Culturais ,SEMUC,Receita,,"2.693,79",,,,,,,,"104.383,30",,,,,,,,31221
2024,141588-3,1276,LUIZ NISHIMORI,202428740001,09032024-068079,Centro Esportivo Jardim Paulista,AMETRO,Receita,"90.000,00",,,,,,,,"0,00","90.000,00",,,,,,,,1276
2024,141588-3,1276,LUIZ NISHIMORI,202428740001,09032024-068079,Aquisição de Cadeiras de Rodas,SESP,Receita,"110.000,00",,,,,,,,"0,00","200.000,00",,,,,,,,1276
2025,141588-3,1276,LUIZ NISHIMORI,202428740001,09032024-068079,Aquisição de Cadeiras de Rodas,SESP,Despesa,,, 44749/2024,,"110.000,00",,,,"110.000,00","90.000,00",1_NE 44749 Repasse de verba.pdf,1_44749 Repasse de verba.pdf,1_COMP Repasse de verba.pdf,,,,,1276
2025,141588-3,1276,LUIZ NISHIMORI,202428740001,09032024-068079,Centro Esportivo Jardim Paulista,AMETRO,Receita,,"8.541,29",,,,,,,"0,00","98.541,29",,,,,,,,1276
2026,141588-3,1276,LUIZ NISHIMORI,202428740001,09032024-068079,Aquisição de Cadeiras de Rodas,SESP,Receita,,"10.439,36",,,,,,,"0,00","108.980,65",,,,,,,,1276
2021,131520-X,1595,SARGENTO FAHUR,202040660010, 0903-004065/2020,Sem objeto definido,SEMULHER,Receita,"450.000,00",,,,,,,,"450.000,00",,,,,,,,,1595
2021,131520-X,1595,SARGENTO FAHUR,202040660010, 0903-004065/2020,Sem objeto definido,SEMULHER,Despesa,,,2458/2021,5454,"695,00",,,,"449.305,00",NF 5454.pdf,LIQ NF 5454.pdf,Comp NF 5454.pdf,Comp NF 5454.pdf,,,,,1595
2021,131520-X,1595,SARGENTO FAHUR,202040660010, 0903-004065/2020,Sem objeto definido,SEMULHER,Despesa,,,2459/2021,5455,"1.112,00",,,,"448.193,00",NF 5455.pdf,LIQ NF 5455.pdfk,Comp NF 5455.pdf,Comp NF 5455.pdf,,,,,1595
2021,131520-X,1595,SARGENTO FAHUR,202040660010, 0903-004065/2020,Sem objeto definido,SEMULHER,Despesa,,,2457/2021,5510,"3.060,00",,,,"445.133,00",NF 5510.pdf,LIQ NF 5510.pdfk,Comp NF 5510.pdf,Comp NF 5510.pdfk,,,,,1595
2021,131520-X,1595,SARGENTO FAHUR,202040660010, 0903-004065/2020,Sem objeto definido,SEMULHER,Despesa,,,4496/2021,7701,"1.400,00",,,,"443.733,00",NF 7701.pdf,LIQ NF 7701.pdf,Comp NF 7701.pdf,Comp NF 7701.pdf,,,,,1595
2021,131520-X,1595,SARGENTO FAHUR,202040660010, 0903-004065/2020,Sem objeto definido,SEMULHER,Despesa,,,2463/2021,13,"1.680,00",,,,"442.053,00",NF 13.pdf,LIQ NF 13.pdf,Comp NF 13.pdf,Comp NF 13.pdf,,,,,1595
2021,131520-X,1595,SARGENTO FAHUR,202040660010, 0903-004065/2020,Sem objeto definido,SEMULHER,Despesa,,,7680/2021,510,"3.040,00",,,,"439.013,00",NF 510.pdf,LIQ NF 510.pdf,Comp NF 510.pdf,Comp NF 510.pdf,,,,,1595
2021,131520-X,1595,SARGENTO FAHUR,202040660010, 0903-004065/2020,Sem objeto definido,SEMULHER,Despesa,,,7679/2021,2095,"293,82",,,,"438.719,18",NF 2095.pdf,LIQ NF 2095.pdf,Comp NF 2095.pdf,Comp NF 2095.pdf,,,,,1595
2021,131520-X,1595,SARGENTO FAHUR,202040660010, 0903-004065/2020,Sem objeto definido,SEMULHER,Despesa,,,8021/2021,10533,"822,91",,,,"437.896,27",NF 10533.pdf,LIQ NF 10533.pdf,Comp NF 10533.pdf,Comp NF 10533.pdf,,,,,1595
2021,131520-X,1595,SARGENTO FAHUR,202040660010, 0903-004065/2020,Sem objeto definido,SEMULHER,Despesa,,,9991/2021,10534,"1.020,00",,,,"436.876,27",NF 10534.pdf,LIQ NF 10534.pdf,Comp NF 10534.pdf,Comp NF 10534.pdf,,,,,1595
2021,131520-X,1595,SARGENTO FAHUR,202040660010, 0903-004065/2020,Sem objeto definido,SEMULHER,Despesa,,,2460/2021,52451,"5.667,29",,,,"431.208,98",NF 52451.pdf,LIQ NF 52451.pdf,Comp NF 52451.pdf,Comp NF 52451.pdf,,,,,1595
2021,131520-X,1595,SARGENTO FAHUR,202040660010, 0903-004065/2020,Sem objeto definido,SEMULHER,Despesa,,,7945/2021,1546,"3.745,00",,,,"427.463,98",NF 786.pdf,LIQ NF 786.pdf,Comp NF 786.pdf,Comp NF 786.pdf,,,,,1595
2021,131520-X,1595,SARGENTO FAHUR,202040660010, 0903-004065/2020,Sem objeto definido,SEMULHER,Despesa,,,24181/2021,786,"717,00",,,,"426.746,98",NF 787.pdf,LIQ NF 787.pdf,Comp NF 787.pdf,Comp NF 787.pdf,,,,,1595
2021,131520-X,1595,SARGENTO FAHUR,202040660010, 0903-004065/2020,Sem objeto definido,SEMULHER,Despesa,,,24183/2021,787,"717,00",,,,"426.029,98",NF 1546.pdf,LIQ NF 1546.pdf,COMP_NF 1546.pdf,COMP_NF 1546.pdf,,,,,1595
2021,131520-X,1595,SARGENTO FAHUR,202040660010, 0903-004065/2020,Sem objeto definido,SEMULHER,Despesa,,,30443/2021,1890,"1.485,00",,,,"424.544,98",NF 1890.pdf,LIQ NF 1890.pdf,COMP_NF 1890.pdf,COMP_NF 1890.pdf,,,,,1595
2021,131520-X,1595,SARGENTO FAHUR,202040660010, 0903-004065/2020,Sem objeto definido,SEMULHER,Despesa,,,30444/2021,1891,"1.485,00",,,,"423.059,98",NF 1891.pdf,LIQ NF 1891.pdf,COMP_NF 1891.pdf,COMP_NF 1891.pdf,,,,,1595
2021,131520-X,1595,SARGENTO FAHUR,202040660010, 0903-004065/2020,Sem objeto definido,SEMULHER,Despesa,,,24184/2021,1901,"1.037,00",,,,"422.022,98",NF 1901.pdf,LIQ NF 1901.pdf,COMP_NF 1901.pdf,COMP_NF 1901.pdf,,,,,1595
2021,131520-X,1595,SARGENTO FAHUR,202040660010, 0903-004065/2020,Sem objeto definido,SEMULHER,Despesa,,,24182/2021,1902,"1.037,00",,,,"420.985,98",NF 1902.pdf,LIQ NF 1902.pdf,COMP_NF 1902.pdf,COMP_NF 1902.pdf,,,,,1595
2021,131520-X,1595,SARGENTO FAHUR,202040660010, 0903-004065/2020,Sem objeto definido,SEMULHER,Despesa,,,30921/2021,1377,"1.100,00",,,,"419.885,98",NF 1377.pdf,LIQ NF 1377.pdf,COMP NF 1377,COMP NF 1377,,,,,1595
2021,131520-X,1595,SARGENTO FAHUR,202040660010, 0903-004065/2020,Sem objeto definido,SEMULHER,Despesa,,,30919/2021,1378,"1.100,00",,,,"418.785,98",NF 1378.pdf,LIQ NF 1378.pdf,COMP NF 1378,COMP NF 1378,,,,,1595
2021,131520-X,1595,SARGENTO FAHUR,202040660010, 0903-004065/2020,Sem objeto definido,SEMULHER,Despesa,,,47258/2021,17397,"1.507,98",,,,"417.278,00",BRASIDAS EIRELI - ME_NF 17397.pdf,LIQ NF 17397.pdf,COMP NF 17397.pdf,COMP NF 17397.pdf,,,,,1595
2021,131520-X,1595,SARGENTO FAHUR,202040660010, 0903-004065/2020,Sem objeto definido,SEMULHER,Despesa,,,47259/2021,17398,"2.261,97",,,,"415.016,03",BRASIDAS EIRELI - ME_NF 17398.pdf,LIQ NF 17398.pdf,COMP NF 17398.pdf,COMP NF 17398.pdf,,,,,1595
2021,131520-X,1595,SARGENTO FAHUR,202040660010, 0903-004065/2020,Sem objeto definido,SEMULHER,Despesa,,,47379/2021,231,"175,00",,,,"414.841,03",EMERSON NUNES DO EGITO_NF 231.pdf,LIQ NF 231.pdf,COMP NF 231.pdf,COMP NF 231.pdf,,,,,1595
2021,131520-X,1595,SARGENTO FAHUR,202040660010, 0903-004065/2020,Sem objeto definido,SEMULHER,Despesa,,,47261/2021,3456,"2.310,00",,,,"412.531,03",NADJA MARINA PIRES  - ME_NF 3456.pdf,LIQ NF 3456.pdf,COMP NF 3456.pdf,COMP NF 3456.pdf,,,,,1595
2021,131520-X,1595,SARGENTO FAHUR,202040660010, 0903-004065/2020,Sem objeto definido,SEMULHER,Despesa,,,47378/2021,229,"350,00",,,,"412.181,03",NF 229  EMERSON NUNES.pdf,LIQ NF 229.pdf,COMP NF 229.pdf,COMP NF 229.pdf,,,,,1595
2021,131520-X,1595,SARGENTO FAHUR,202040660010, 0903-004065/2020,Sem objeto definido,SEMULHER,Despesa,,,47377/2021,230,"175,00",,,,"412.006,03",NF 230 EMERSON NUNES.pdf,LIQ NF 230.pdf,COMP NF 230.pdf,COMP NF 230.pdf,,,,,1595
2021,131520-X,1595,SARGENTO FAHUR,202040660010, 0903-004065/2020,Sem objeto definido,SEMULHER,Despesa,,,47262/2021,2445,"2.912,00",,,,"409.094,03",NF 2445 VINICIUS DO AMARAL.pdf,LIQ NF 2445.pdf,COMP NF 2445.pdf,COMP NF 2445.pdf,,,,,1595
2021,131520-X,1595,SARGENTO FAHUR,202040660010, 0903-004065/2020,Sem objeto definido,SEMULHER,Despesa,,,47192/2021,2446,"5.824,00",,,,"403.270,03",NF 2446 VINICIUS DO AMARAL.pdf,LIQ NF 2446.pdf,COMP NF 2446.pdf,COMP NF 2446.pdf,,,,,1595
2021,131520-X,1595,SARGENTO FAHUR,202040660010, 0903-004065/2020,Sem objeto definido,SEMULHER,Despesa,,,41463/2021,570,"35.312,00",,,,"367.958,03",RIGO & RIGO_NF 570.pdf,LIQ NF 570.pdf,,,,,,,1595
2021,131520-X,1595,SARGENTO FAHUR,202040660010, 0903-004065/2020,Sem objeto definido,SEMULHER,Despesa,,,52281/2021,1975,"7.027,02",,,,"360.931,01",,,,,,,,,1595
2021,131520-X,1595,SARGENTO FAHUR,202040660010, 0903-004065/2020,Sem objeto definido,SEMULHER,Despesa,,,47193/2021,6822,"4.295,20",,,,"356.635,81",,,,,,,,,1595
2021,131520-X,1595,SARGENTO FAHUR,202040660010, 0903-004065/2020,Sem objeto definido,SEMULHER,Despesa,,,47256/2021,6835,"919,9",,,,"355.715,91",,,,,,,,,1595
2021,131520-X,1595,SARGENTO FAHUR,202040660010, 0903-004065/2020,Sem objeto definido,SEMULHER,Despesa,,,47381/2021,17399,"511,9",,,,"355.204,01",,,,,,,,,1595
2021,131520-X,1595,SARGENTO FAHUR,202040660010, 0903-004065/2020,Sem objeto definido,SEMULHER,Receita,,"15062,01",,,,,,,"370.266,02",,,,,,,,,1595
2022,131520-X,1595,SARGENTO FAHUR,202040660010, 0903-004065/2020,Sem objeto definido,SEMULHER,Despesa,,,47257/2021,7040,"R$ 1.571,85",,,,"368.694,17",NF 7040.pdf,LIQ NF 7040.pdf,COMP NF 7040 NE 47257.pdf,,,,,,1595
2022,131520-X,1595,SARGENTO FAHUR,202040660010, 0903-004065/2020,Sem objeto definido,SEMULHER,Despesa,,,57238/2021,254,"R$ 2.242,48",,,,"366.451,69",NF 254.pdf,LIQ NF 254.pdf,COMP NF 254.pdf,,,,,,1595
2022,131520-X,1595,SARGENTO FAHUR,202040660010, 0903-004065/2020,Sem objeto definido,SEMULHER,Despesa,,,54375/2021,2097,"R$ 6.340,75",,,,"360.110,94",NF 2097.pdf,LIQ NF 2097.pdf,COMP NF 2097.pdf,,,,,,1595
2022,131520-X,1595,SARGENTO FAHUR,202040660010, 0903-004065/2020,Sem objeto definido,SEMULHER,Despesa,,,41466/2021,571,"R$ 22.070,00",,,,"338.040,94",NF 571.pdf,LIQ NF 571.pdfk,COMP NF 571 NE 41466.pdfk,,,,,,1595
2022,131520-X,1595,SARGENTO FAHUR,202040660010, 0903-004065/2020,Sem objeto definido,SEMULHER,Despesa,,,4476/2022,3701,"R$ 9.681,50",,,,"328.359,44",NF 3701.pdf,LIQ NF 3701.pdf,COMP_NF 3701.pdf,,,,,,1595
2022,131520-X,1595,SARGENTO FAHUR,202040660010, 0903-004065/2020,Sem objeto definido,SEMULHER,Despesa,,,57173/2021,45,"R$ 6.774,94",,,,"321.584,50",NF 45.pdf,LIQ NF 45.pdf,COMP_NF 45.pdf,,,,,,1595
2022,131520-X,1595,SARGENTO FAHUR,202040660010, 0903-004065/2020,Sem objeto definido,SEMULHER,Despesa,,,57175/2021,608,"R$ 8.209,99",,,,"313.374,51",1_NE 57175 NF 608.pdf,1_LIQ NF 608.pdf,COMP_NF  608.pdf,,,,,,1595
2022,131520-X,1595,SARGENTO FAHUR,202040660010, 0903-004065/2020,Sem objeto definido,SEMULHER,Despesa,,,15646/2022,1845,"R$ 1.555,80",,,,"311.818,71",2_NE 15646 NF 1845.pdf,2_LIQ NF 1845.pdf,COMP_NF 1845.pdf,,,,,,1595
2022,131520-X,1595,SARGENTO FAHUR,202040660010, 0903-004065/2020,Sem objeto definido,SEMULHER,Despesa,,,57326/2021,11434,"R$ 3.200,00",,,,"308.618,71",1_NE 57326 NF 11434.pdf,1_LIQ NF 11434.pdf,COMP_NF 11434.pdf,,,,,,1595
2022,131520-X,1595,SARGENTO FAHUR,202040660010, 0903-004065/2020,Sem objeto definido,SEMULHER,Despesa,,,11692/2021,2364,"R$ 2.470,00",,,,"306.148,71",1_NE 11692 NF 2364.pdf,1_LIQ NF 2364.pdf,COMP_NF 2364.pdf,,,,,,1595
2022,131520-X,1595,SARGENTO FAHUR,202040660010, 0903-004065/2020,Sem objeto definido,SEMULHER,Despesa,,,11693/2021,2429,"R$ 4.940,00",,,,"301.208,71",2_NE 11693 NF 2429.pdf,2_LIQ NF 2429.pdf,COMP_NF 2429.pdf,,,,,,1595
2022,131520-X,1595,SARGENTO FAHUR,202040660010, 0903-004065/2020,Sem objeto definido,SEMULHER,Despesa,,,11691/2021,8202,"R$ 2.089,80",,,,"299.118,91",3_NE 11691 NF 8202.pdf,3_LIQ NF 8202.pdf,COMP_NF 8202.pdf,,,,,,1595
2022,131520-X,1595,SARGENTO FAHUR,202040660010, 0903-004065/2020,Sem objeto definido,SEMULHER,Despesa,,,30435/2022,993,"R$ 737,00",,,,"298.381,91",1_NE 30435 NF 993.pdf,1_LIQ NF 993.pdf,COMP_NF 993.pdf,,,,,,1595
2022,131520-X,1595,SARGENTO FAHUR,202040660010, 0903-004065/2020,Sem objeto definido,SEMULHER,Despesa,,,10238/2022,4278,"R$ 9.450,00",,,,"288.931,91",NF 4278.pdf,1_LIQ NF 4278.pdf,COMP_NF 4278.pdf,,,,,,1595
2022,131520-X,1595,SARGENTO FAHUR,202040660010, 0903-004065/2020,Sem objeto definido,SEMULHER,Despesa,,,10239/2022,10154,"R$ 40.400,00",,,,"248.531,91",NF 10154.pdf,1_LIQ NF 10154.pdf,COMP_NF 10154.pdf,,,,,,1595
2022,131520-X,1595,SARGENTO FAHUR,202040660010, 0903-004065/2020,Sem objeto definido,SEMULHER,Despesa,,,11694/2022,1775,"R$ 1.490,00",,,,"247.041,91",NF 1775.pdf,1_LIQ NF 1775.pdf,COMP_NF 1775.pdf,,,,,,1595
2022,131520-X,1595,SARGENTO FAHUR,202040660010, 0903-004065/2020,Sem objeto definido,SEMULHER,Despesa,,,15182/2022,7836,"R$ 3.249,00",,,,"243.792,91",NF 7836.pdf,2_LIQ NF 7836.pdf,COMP_NF 7836.pdf,,,,,,1595
2022,131520-X,1595,SARGENTO FAHUR,202040660010, 0903-004065/2020,Sem objeto definido,SEMULHER,Despesa,,,15645/2022,2140,"R$ 777,90",,,,"243.015,01",3_NE 15645 NF 2140.pdf,3_LIQ NF 2140.pdf,COMP_NF 2140.pdf,,,,,,1595
2022,131520-X,1595,SARGENTO FAHUR,202040660010, 0903-004065/2020,Sem objeto definido,SEMULHER,Despesa,,,24129/2022,1400,"R$ 14.833,62",,,,"228.181,39",2_NE 24129 NF 1400.pdf,2_LIQ NF 1400.pdf,COMP_NF 1400.pdf,,,,,,1595
2022,131520-X,1595,SARGENTO FAHUR,202040660010, 0903-004065/2020,Sem objeto definido,SEMULHER,Despesa,,,30438/2022,10887,"R$ 239,70",,,,"227.941,69",2_NE 30438 NF 10887.pdf,2_LIQ NF 10887.pdf,COMP_NF 10887.pdf,,,,,,1595
2022,131520-X,1595,SARGENTO FAHUR,202040660010, 0903-004065/2020,Sem objeto definido,SEMULHER,Despesa,,,30440/2022,10885,"R$ 119,85",,,,"227.821,84",1_NE 30440 NF 10885.pdf,1_LIQ NF 10885.pdf,COMP_NF 10885.pdf,,,,,,1595
2022,131520-X,1595,SARGENTO FAHUR,202040660010, 0903-004065/2020,Sem objeto definido,SEMULHER,Despesa,,,47380/2021,17396,"R$ 753,99",,,,"227.067,85",NF 17396.pdf,LIQ NF 17396.pdf,COMP_NF 17396.pdf,,,,,,1595
2022,131520-X,1595,SARGENTO FAHUR,202040660010, 0903-004065/2020,Sem objeto definido,SEMULHER,Despesa,,,57322/2021,291,"R$ 1.824,82",,,,"225.243,03",1_NE 57322 NF 291.pdf,LIQ NF 291.pdf,COMP_NF 291.pdf,,,,,,1595
2022,131520-X,1595,SARGENTO FAHUR,202040660010, 0903-004065/2020,Sem objeto definido,SEMULHER,Despesa,,,57350/2021,292,"R$ 3.649,64",,,,"221.593,39",2_NE 57350 NF 292.pdf,LIQ NF 292.pdf,COMP_NF 292.pdf,,,,,,1595
2022,131520-X,1595,SARGENTO FAHUR,202040660010, 0903-004065/2020,Sem objeto definido,SEMULHER,Despesa,,,57526/2021,758,"R$ 1.676,00",,,,"219.917,39",NF 758.pdf,LIQ NF 758.pdf,COMP_NF 758.pdf,,,,,,1595
2022,131520-X,1595,SARGENTO FAHUR,202040660010, 0903-004065/2020,Sem objeto definido,SEMULHER,Receita,,"30308,64",,,,,,,"250.226,03",,,,,,,,,1595
2023,131520-X,1595,SARGENTO FAHUR,202040660010, 0903-004065/2020,Sem objeto definido,SEMULHER,Despesa,,,38410/2022,9042,"R$ 1.450,00",,,,"248.776,03",1_NE 38410 NF 9042.pdf,1_LIQ NF 9042.pdf,1_COMP NF 9042.pdf,,,,,,1595
2023,131520-X,1595,SARGENTO FAHUR,202040660010, 0903-004065/2020,Sem objeto definido,SEMULHER,Despesa,,,38396/2022,9041,"R$ 1.450,00",,,,"247.326,03",2_NE 38396 NF 9041.pdf,2_LIQ NF 9041.pdf,2_COMP NF 9041.pdf,,,,,,1595
2023,131520-X,1595,SARGENTO FAHUR,202040660010, 0903-004065/2020,Sem objeto definido,SEMULHER,Despesa,,,39431/2022,802,"R$ 5.432,00",,,,"241.894,03",3_NE 39431 NF 802.pdf,3_LIQ NF 802.pdf,3_COMP NF 802.pdf,,,,,,1595
2023,131520-X,1595,SARGENTO FAHUR,202040660010, 0903-004065/2020,Sem objeto definido,SEMULHER,Despesa,,,6492/2023,30,"R$ 12.132,57",,,,"229.761,46",1_NE 6492 NF 30.pdf,1_LIQ NF 30.pdf,1_COMP NF 30.pdf,,,,,,1595
2023,131520-X,1595,SARGENTO FAHUR,202040660010, 0903-004065/2020,Sem objeto definido,SEMULHER,Despesa,,,8314/2023,229,"R$ 9.594,00",,,,"220.167,46",2_NE 8314 NF 229.pdf,LIQ NF 229.pdf,2_COMP NF 229.pdf,,,,,,1595
2023,131520-X,1595,SARGENTO FAHUR,202040660010, 0903-004065/2020,Sem objeto definido,SEMULHER,Despesa,,,8316/2023,241,"R$ 33.579,00",,,,"186.588,46",1_ NE 8316 NF 241.pdf,1_LIQ NF 241.pdf,COMP_NF 241.pdf,,,,,,1595
2023,131520-X,1595,SARGENTO FAHUR,202040660010, 0903-004065/2020,Sem objeto definido,SEMULHER,Despesa,,,8141/2023,8382,"R$ 9.960,00",,,,"176.628,46",2_NE 8141 NF 8382.pdf,2_LIQ NF 8382.pdf,COMP_NF 8382.pdf,,,,,,1595
2023,131520-X,1595,SARGENTO FAHUR,202040660010, 0903-004065/2020,Sem objeto definido,SEMULHER,Despesa,,,8315/2023,1625,"R$ 15.990,00",,,,"160.638,46",3_NE 8315 NF 1625.pdf,3_LIQ NF 1625.pdf,COMP_NF 1625.pdf,,,,,,1595
2023,131520-X,1595,SARGENTO FAHUR,202040660010, 0903-004065/2020,Sem objeto definido,SEMULHER,Despesa,,,11863/2023,465,"R$ 1.499,78",,,,"159.138,68",1_NE 11863 NF 465.pdf,,COMP_NF 465.pdf,,,,,,1595
2023,131520-X,1595,SARGENTO FAHUR,202040660010, 0903-004065/2020,Sem objeto definido,SEMULHER,Despesa,,,28846/2023,501,"R$ 2.690,00",,,,"156.448,68",1_NE 28846 NF 501.pdf,1_LIQ NF 501.pdf,COMP_NF 501.pdf,,,,,,1595
2023,131520-X,1595,SARGENTO FAHUR,202040660010, 0903-004065/2020,Sem objeto definido,SEMULHER,Despesa,,,31478/2023,269,"R$ 204,41",,,,"156.244,27",2_NE 31478 NF 269.pdf,2_LIQ NF 269.pdf,COMP_NF 269.pdf,,,,,,1595
2023,131520-X,1595,SARGENTO FAHUR,202040660010, 0903-004065/2020,Sem objeto definido,SEMULHER,Despesa,,,31477/2023,270,"R$ 408,82",,,,"155.835,45",3_NE 31477 NF 270.pdf,3_LIQ NF 270.pdf,COMP_NF 270.pdf,,,,,,1595
2023,131520-X,1595,SARGENTO FAHUR,202040660010, 0903-004065/2020,Sem objeto definido,SEMULHER,Despesa,,,28860/2023,792,"R$ 3.060,00",,,,"152.775,45",4_NE 28860 NF 792.pdf,4_LIQ NF 792.pdf,COMP_NF 792.pdf,,,,,,1595
2023,131520-X,1595,SARGENTO FAHUR,202040660010, 0903-004065/2020,Sem objeto definido,SEMULHER,Despesa,,,28853/2023,127,"R$ 5.160,00",,,,"147.615,45",5_NE 28853 NF 127.pdf,5_LIQ NF 127.pdf,COMP_NF 127.pdf,,,,,,1595
2023,131520-X,1595,SARGENTO FAHUR,202040660010, 0903-004065/2020,Sem objeto definido,SEMULHER,Despesa,,,33180/2023,264,"R$ 1.700,00",,,,"145.915,45",6_NE 33180 NF 264.pdf,6_LIQ NF 264.pdf,COMP_NF 264.pdf,,,,,,1595
2023,131520-X,1595,SARGENTO FAHUR,202040660010, 0903-004065/2020,Sem objeto definido,SEMULHER,Despesa,,,34078/2023,3596,"R$ 1.092,00",,,,"144.823,45",7_NE 34078 NF 3596.pdf,7_LIQ NF 3596.pdf,COMP_NF 3596.pdf,,,,,,1595
2023,131520-X,1595,SARGENTO FAHUR,202040660010, 0903-004065/2020,Sem objeto definido,SEMULHER,Despesa,,,42431/2023,5669,"R$ 3.397,65",,,,"141.425,80",8_NE 28010 NF 5669.pdf,8_LIQ NF 5669.pdf,,8_IR NF 5669.pdf,,,,,1595
2023,131520-X,1595,SARGENTO FAHUR,202040660010, 0903-004065/2020,Sem objeto definido,SEMULHER,Despesa,,,33181/2023,3698,"R$ 755,98",,,,"140.669,82",9_NE 33181 NF 3698.pdf,9_LIQ NF 3698.pdf,COMP_NF 3698.pdf,9_IR NF 3698.pdf,,,,,1595
2023,131520-X,1595,SARGENTO FAHUR,202040660010, 0903-004065/2020,Sem objeto definido,SEMULHER,Despesa,,,33184/2023,3697,"R$ 377,99",,,,"140.291,83",10_NE 33184 NF 3697.pdf,10_LIQ NF 3697.pdf,COMP_NF 3697.pdf,10_IR NF 3697.pdf,,,,,1595
2023,131520-X,1595,SARGENTO FAHUR,202040660010, 0903-004065/2020,Sem objeto definido,SEMULHER,Despesa,,,29053/2023,3603,"R$ 9.249,80",,,,"131.042,03",1_NE 29053 NF 3603.pdf,1_LIQ NF 3603.pdf,COMP_NF 3603.pdf,,,,,,1595
2023,131520-X,1595,SARGENTO FAHUR,202040660010, 0903-004065/2020,Sem objeto definido,SEMULHER,Despesa,,,21500/2023,9700,"R$ 5.698,86",,,,"125.343,17",2_NE 21500 NF 9700.pdf,2_LIQ NF 9700.pdf,COMP_NF 9700.pdf,,,,,,1595
2023,131520-X,1595,SARGENTO FAHUR,202040660010, 0903-004065/2020,Sem objeto definido,SEMULHER,Despesa,,,33183/2023,3145,"R$ 130,00",,,,"125.213,17",3_NE 33183 NF 3145.pdf,3_LIQ NF 3145.pdf,COMP_NF 3145.pdf,,,,,,1595
2023,131520-X,1595,SARGENTO FAHUR,202040660010, 0903-004065/2020,Sem objeto definido,SEMULHER,Despesa,,,31481/2023,3609,"R$ 7.700,00",,,,"117.513,17",4_NE 31481 NF 3609.pdf,4_LIQ NF 3609.pdf,COMP_NF 3609.pdf,,,,,,1595
2023,131520-X,1595,SARGENTO FAHUR,202040660010, 0903-004065/2020,Sem objeto definido,SEMULHER,Despesa,,,33591/2023,2107,"R$ 1.050,00",,,,"116.463,17",5_NE 33591 NF 2107.pdf,5_LIQ NF 2107.pdf,COMP_NF 2107.pdf,,,,,,1595
2023,131520-X,1595,SARGENTO FAHUR,202040660010, 0903-004065/2020,Sem objeto definido,SEMULHER,Despesa,,,29057/2023,4105,"R$ 583,22",,,,"115.879,95",6_NE 29057 NF 4105.pdf,6_LIQ NF 4105.pdf,COMP_NF 4105.pdf,7_IR NF 4105.pdf,,,,,1595
2023,131520-X,1595,SARGENTO FAHUR,202040660010, 0903-004065/2020,Sem objeto definido,SEMULHER,Despesa,,,40617/2023,1504,"R$ 4.240,00",,,,"111.639,95",1_NE 40617 NF 1504.pdf,1_LIQ NF 1504.pdf,COMP_NF 1504.pdf,,,,,,1595
2023,131520-X,1595,SARGENTO FAHUR,202040660010, 0903-004065/2020,Sem objeto definido,SEMULHER,Despesa,,,40218/2023,4775,"R$ 929,99",,,,"110.709,96",2_NE 40218 NF 4775.pdf,2_LIQ NF 4775.pdf,COMP_NF 4775.pdf,2_IR NF 4775.pdf,,,,,1595
2023,131520-X,1595,SARGENTO FAHUR,202040660010, 0903-004065/2020,Sem objeto definido,SEMULHER,Despesa,,,40220/2023,4774,"R$ 1.859,98",,,,"108.849,98",3_NE 40220 NF 4774.pdf,3_LIQ NF 4774.pdf,COMP_NF 4774.pdfk,3_IR NF 4774.pdf,,,,,1595
2023,131520-X,1595,SARGENTO FAHUR,202040660010, 0903-004065/2020,Sem objeto definido,SEMULHER,Despesa,,,41768/2023,843,"R$ 485,00",,,,"108.364,98",4_NE 41768 NF 843.pdf,4_LIQ NF 843.pdf,COMP_NF 843.pdf,,,,,,1595
2023,131520-X,1595,SARGENTO FAHUR,202040660010, 0903-004065/2020,Sem objeto definido,SEMULHER,Despesa,,,41769/2023,842,"R$ 970,00",,,,"107.394,98",5_NE 41769 NF 842.pdf,5_LIQ NF 842.pdf,COMP_NF 842.pdf,,,,,,1595
2023,131520-X,1595,SARGENTO FAHUR,202040660010, 0903-004065/2020,Sem objeto definido,SEMULHER,Despesa,,,21367/2023,5205,"R$ 2.220,96",,,,"105.174,02",1_NE 21367 NF 5205.pdf,,COMP_NF 5205.pdf,,,,,,1595
2023,131520-X,1595,SARGENTO FAHUR,202040660010, 0903-004065/2020,Sem objeto definido,SEMULHER,Despesa,,,21504/2023,3184,"R$ 8.840,00",,,,"96.334,02",2_NE 21504 NF 3184.pdf,2_LIQ NF 3184.pdfk,COMP_NF 3184.pdf,,,,,,1595
2023,131520-X,1595,SARGENTO FAHUR,202040660010, 0903-004065/2020,Sem objeto definido,SEMULHER,Despesa,,,21505/2023,5206,"R$ 3.289,96",,,,"93.044,06",3_NE 21505 NF 5206.pdf,3_LIQ NF 5206.pdf,COMP_NF 5206.pdf,,,,,,1595
2023,131520-X,1595,SARGENTO FAHUR,202040660010, 0903-004065/2020,Sem objeto definido,SEMULHER,Despesa,,,21594/2023,110562,"R$ 13.018,00",,,,"80.026,06",4_NE 21594 NF 110562.pdf,4_LIQ NF 110562.pdf,COMP_NF 110562.pdf,,,,,,1595
2023,131520-X,1595,SARGENTO FAHUR,202040660010, 0903-004065/2020,Sem objeto definido,SEMULHER,Despesa,,,27647/2023,1180,"R$ 936,99",,,,"79.089,07",5_NE 27647 NF 1180.pdf,5_LIQ NF 1180.pdf,COMP_NF 1180.pdf,,,,,,1595
2023,131520-X,1595,SARGENTO FAHUR,202040660010, 0903-004065/2020,Sem objeto definido,SEMULHER,Despesa,,,28848/2023,10,"R$ 4.153,10",,,,"74.935,97",1_NE 28848 NF 10.pdf,1_LIQ NF 10.pdf,COMP_NF 10.pdf,,,,,,1595
2023,131520-X,1595,SARGENTO FAHUR,202040660010, 0903-004065/2020,Sem objeto definido,SEMULHER,Despesa,,,29055/2023,14,"R$ 9.020,00",,,,"65.915,97",2_NE 29055 NF 14.pdf,1_LIQ NF 14.pdf,COMP_NF14.pdf,,,,,,1595
2023,131520-X,1595,SARGENTO FAHUR,202040660010, 0903-004065/2020,Sem objeto definido,SEMULHER,Despesa,,,34079/2023,3597,"R$ 546,00",,,,"65.369,97",11_NE 34079 NF 3597.pdf,11_LIQ NF 3597.pdf,COMP_NF 3597.pdf,,,,,,1595
2023,131520-X,1595,SARGENTO FAHUR,202040660010, 0903-004065/2020,Sem objeto definido,SEMULHER,Receita,,"19627,28",,,,,,,"84.997,25",,,,,,,,,1595
2024,131520-X,1595,SARGENTO FAHUR,202040660010, 0903-004065/2020,Sem objeto definido,SEMULHER,Despesa,,,40612/2023,107,"R$ 1.119,99",,,,"83.877,26",1_NE 40612 NF 107.pdf,1_O 40612 NF 107.pdf,1_COMP NF 107.pdf,,,,,,1595
2024,131520-X,1595,SARGENTO FAHUR,202040660010, 0903-004065/2020,Sem objeto definido,SEMULHER,Despesa,,,33179/2023,3146,"R$ 260,00",,,,"83.617,26",2_NE 33179 NF 3146.pdf,2_O 33179 NF 3146.pdf,2_COMP NF 3146.pdf,,,,,,1595
2024,131520-X,1595,SARGENTO FAHUR,202040660010, 0903-004065/2020,Sem objeto definido,SEMULHER,Despesa,,,40619/2023,883,"R$ 533,94",,,,"83.083,32",3_NE 40619 NF 883.pdf,3_O 40619 NF 883.pdf,3_COMP NF 883.pdf,,,,,,1595
2024,131520-X,1595,SARGENTO FAHUR,202040660010, 0903-004065/2020,Sem objeto definido,SEMULHER,Despesa,,,46216/2023,872,"R$ 4.730,00",,,,"78.353,32",1_NE 46216 NF 872.pdf,1_O 46216 NF 872.pdf,1_COMP NF 872.pdfk,,,,,,1595
2024,131520-X,1595,SARGENTO FAHUR,202040660010, 0903-004065/2020,Sem objeto definido,SEMULHER,Despesa,,,9170/2024,72,"R$ 3.939,28",,,,"74.414,04",1_NE 9170 NF 72.pdf,2_O 47187 NF 72.pdf,2_COMP NF 72.pdf,,,,,,1595
2024,131520-X,1595,SARGENTO FAHUR,202040660010, 0903-004065/2020,Sem objeto definido,SEMULHER,Despesa,,,9364/2024,9693,"R$ 2.265,10",,,,"72.148,94",1_NE 9364 NF 9693.pdf,1_O 9364 NF 9693.pdf,1_COMP NF 9693.pdfk,1_IR NF 9693.pdf,,,,,1595
2024,131520-X,1595,SARGENTO FAHUR,202040660010, 0903-004065/2020,Sem objeto definido,SEMULHER,Despesa,,,15524/2024,3660,"R$ 1.936,20",,,,"70.212,74",2_NE15524 NF 3660.pdf,2_O 15524 NF 3660.pdf,2_COMP NF 3660.pdf,,,,,,1595
2024,131520-X,1595,SARGENTO FAHUR,202040660010, 0903-004065/2020,Sem objeto definido,SEMULHER,Despesa,,,15519/2024,419,"R$ 1.335,00",,,,"68.877,74",3_NE 15519 NF 419.pdf,3_O 15519 NF 419.pdf,3_COMP NF 419.pdf,,,,,,1595
2024,131520-X,1595,SARGENTO FAHUR,202040660010, 0903-004065/2020,Sem objeto definido,SEMULHER,Despesa,,,15397/2024,55,"R$ 5.400,00",,,,"63.477,74",1_NE 15397 NF 55.pdf,1_O 15397 NF 55.pdf,1_COMP NF 55.pdf,,,,,,1595
2024,131520-X,1595,SARGENTO FAHUR,202040660010, 0903-004065/2020,Sem objeto definido,SEMULHER,Despesa,,,14623/2024,4642,"R$ 9.249,25",,,,"54.228,49",3_NE 14623 NF 4642.pdf,3_O 14623 NF 4642.pdf,3_COMP NF 4642.pdf,3_IR NF 4642.pdf,,,,,1595
2024,131520-X,1595,SARGENTO FAHUR,202040660010, 0903-004065/2020,Sem objeto definido,SEMULHER,Despesa,,,15996/2024,2229,"R$ 1.240,00",,,,"52.988,49",4_NE 15996 NF 2229.pdf,4_O 15996 NF 2229.pdf,4_COMP NF 2229.pdf,4_IR NF 2229.pdf,,,,,1595
2024,131520-X,1595,SARGENTO FAHUR,202040660010, 0903-004065/2020,Sem objeto definido,SEMULHER,Despesa,,,9363/2024,9692,"R$ 2.265,10",,,,"50.723,39",5_NE 9363 NF 9692.pdf,5_O 9363 NF 9692.pdfk,5_COMP NF 9692.pdf,5_IR NF 9692.pdf,,,,,1595
2024,131520-X,1595,SARGENTO FAHUR,202040660010, 0903-004065/2020,Sem objeto definido,SEMULHER,Despesa,,,15395/2024,54,"R$ 3.600,00",,,,"47.123,39",6_NE 15395 NF 54.pdf,6_O 15395 NF 54.pdf,6_COMP NF 54.pdfk,,,,,,1595
2024,131520-X,1595,SARGENTO FAHUR,202040660010, 0903-004065/2020,Sem objeto definido,SEMULHER,Despesa,,,15523/2024,8023,"R$ 549,00",,,,"46.574,39",7_NE 15523 NF 8023.pdf,7_O 15523 NF 8023.pdfk,7_COMP NF 8023.pdf,,,,,,1595
2024,131520-X,1595,SARGENTO FAHUR,202040660010, 0903-004065/2020,Sem objeto definido,SEMULHER,Despesa,,,15995/2024,2228,"R$ 2.480,00",,,,"44.094,39",8_NE 15995 NF 2228.pdf,8_O 15995 NF 2228.pdf,8_COMP NF 2228.pdf,8_IR NF 2228.pdf,,,,,1595
2024,131520-X,1595,SARGENTO FAHUR,202040660010, 0903-004065/2020,Sem objeto definido,SEMULHER,Despesa,,,15522/2024,1338,"R$ 880,00",,,,"43.214,39",,,,,,,,,1595
2024,131520-X,1595,SARGENTO FAHUR,202040660010, 0903-004065/2020,Sem objeto definido,SEMULHER,Despesa,,,15993/2024,10318,"R$ 1.837,30",,,,"41.377,09",,,,,,,,,1595
2024,131520-X,1595,SARGENTO FAHUR,202040660010, 0903-004065/2020,Sem objeto definido,SEMULHER,Despesa,,,15994/2024,10319,"R$ 2.477,27",,,,"38.899,82",,,,,,,,,1595
2024,131520-X,1595,SARGENTO FAHUR,202040660010, 0903-004065/2020,Sem objeto definido,SEMULHER,Despesa,,,14621/2024,4709,"R$ 8.279,34",,,,"30.620,48",1_NE 14621 NF 4.709.pdf,1_O 14621 NF 4709.pdf,1_COMP NF 4709.pdf,1_IR NF 4709.pdfk,,,,,1595
2024,131520-X,1595,SARGENTO FAHUR,202040660010, 0903-004065/2020,Sem objeto definido,SEMULHER,Despesa,,,35817/2024,4894,"R$ 3.712,00",,,,"26.908,48",1_NE 35817 NF 4894.pdf,1_O 35817 NF 4894.pdfk,1_COMP NF 4894.pdf,1_IR NF 4894.pdf,,,,,1595
2024,131520-X,1595,SARGENTO FAHUR,202040660010, 0903-004065/2020,Sem objeto definido,SEMULHER,Despesa,,,38201/2024,4879,"R$ 12.992,00",,,,"13.916,48",1_NE 38201 NF 4879.pdf,1_O 38201 NF 4879.pdf,1_COMP NF 4879.pdf,1_IR NF 4879.pdf,,,,,1595
2024,131520-X,1595,SARGENTO FAHUR,202040660010, 0903-004065/2020,Sem objeto definido,SEMULHER,Despesa,,,9362/2024,562,"R$ 812,00",,,,"13.104,48",2_NE 9362 NF 562.pdf,2_O 67004 NF 562.pdf,2_COMP NF 562.pdf,,,,,,1595
2024,131520-X,1595,SARGENTO FAHUR,202040660010, 0903-004065/2020,Sem objeto definido,SEMULHER,Despesa,,,15521/2024,1594,"R$ 2.480,00",,,,"10.624,48",3_NE 15521 NF 1594.pdf,3_O 66989 NF 1594.pdf,3_COMP NF 1594.pdf,,,,,,1595
2024,131520-X,1595,SARGENTO FAHUR,202040660010, 0903-004065/2020,Sem objeto definido,SEMULHER,Despesa,,,39575/2024,140097,"R$ 7.586,00",,,,"3.038,48",1_NE 39575 NF 140097.pdf,1_O 39575 NF 140097.pdf,1_COMP NF 140097.pdf,1_IR NF 140097.pdf,,,,,1595
2024,131520-X,1595,SARGENTO FAHUR,202040660010, 0903-004065/2020,Sem objeto definido,SEMULHER,Receita,,"4976,15",,,,,,,"8.014,63",,,,,,,,,1595
2025,131520-X,1595,SARGENTO FAHUR,202040660010, 0903-004065/2020,Sem objeto definido,SEMULHER,Despesa,,,38855/2024,31,"R$ 406,76",,,,"7.607,87",,,,,,,,,1595
2025,131520-X,1595,SARGENTO FAHUR,202040660010, 0903-004065/2020,Sem objeto definido,SEMULHER,Despesa,,,38976/2024,5210,"R$ 882,00",,,,"6.725,87",1_NE 38855 NF 31.pdf,1_O 82977 NF 31.pdf,1_COMP NF 31.pdf,,,,,,1595
2025,131520-X,1595,SARGENTO FAHUR,202040660010, 0903-004065/2020,Sem objeto definido,SEMULHER,Despesa,,,12619/2025,3151753,"R$ 4.240,00",,,,"2.485,87",1_NE 38976 NF 5210.pdfk,1_LIQ NF 5210.pdf,1_COMP NF 5210.pdf,,,,,,1595
2025,131520-X,1595,SARGENTO FAHUR,202040660010, 0903-004065/2020,Sem objeto definido,SEMULHER,Receita,,"647,44",,,,,,,"3.133,31",,,,,,,,,1595
2026,131520-X,1595,SARGENTO FAHUR,202040660010, 0903-004065/2020,Sem objeto definido,SEMULHER,Receita,,"99,90",,,,,,,"3.233,21",,,,,,,,,1595
2022,134990-2,31192,Sargento Fahur,202240660004,09032022-021090/2022,Sem objeto definido,SETRAB,Receita,"736.682,00",,,,,,,,"0,00","736.682,00",,,,,,,,31192
,134990-2,31192,Sargento Fahur,202240660004,09032022-021090/2022,Sem objeto definido,SETRAB,Despesa,,,24043/2022,897,"56.740,00",,,,"56.740,00","679.942,00",1_NE 24043 NF 897.pdf,1_O 61855 NF 897.pdf,1_COMP NF 897.pdf,,,,,31192
2022,134990-2,31192,Sargento Fahur,202240660004,09032022-021090/2022,Sem objeto definido,SETRAB,Receita,,"36.836,12",,,,,,,"0,00","716.778,12",,,,,,,,31192
2023,134990-2,31192,Sargento Fahur,202240660004,09032022-021090/2022,Sem objeto definido,SETRAB,Despesa,,,8763/2023,243,"47.970,00","575,64",,,"47.394,36","668.808,12",1_NE 8763 NF 243.pdf,1_LIQ NF 243.pdf,1_COMP NF 243.pdf,1_IR NF 243.pdf,,,,31192
2023,134990-2,31192,Sargento Fahur,202240660004,09032022-021090/2022,Sem objeto definido,SETRAB,Despesa,,,24893/2023,146,"10.000,00","120,00",,,"9.880,00","658.808,12",1_NE 24893 NF 146.pdf,1_LIQ NF 146.pdf,1_COMP NF 146.pdf,1_IR NF 146.pdf,,,,31192
2023,134990-2,31192,Sargento Fahur,202240660004,09032022-021090/2022,Sem objeto definido,SETRAB,Despesa,,,15620/2023,15619,"58.550,00",,,,"58.550,00","600.258,12",2_NE 15619 e 15620 NF 205249.pdf,2_LIQ NE 15619 NF 205249 (FONTE 31193 CONVENIO).pdf,,,,,,31192
2023,134990-2,31192,Sargento Fahur,202240660004,09032022-021090/2022,Sem objeto definido,SETRAB,Despesa,,,8768/2023,2956,"2.200,00",,,,"2.200,00","598.058,12",4_NE 8768 NF 2956.pdf,4_LIQ NF 2956.pdf,4_COMP_NF 2956.pdf,,,,,31192
2023,134990-2,31192,Sargento Fahur,202240660004,09032022-021090/2022,Sem objeto definido,SETRAB,Receita,,"51.805,21",,,,,,,"0,00","649.863,33",,,,,,,,31192
2024,134990-2,31192,Sargento Fahur,202240660004,09032022-021090/2022,Sem objeto definido,SETRAB,Despesa,,,11107/2024,268448,"153.500,00","1.842,00",,,"151.658,00","496.363,33",1_NE 11107 NF 268448.pdf,1_O 29266 NF 268448.pdf,1_COMP NF 268448 E 268690.pdf,1_IR NF 268448.pdf,,,,31192
2024,134990-2,31192,Sargento Fahur,202240660004,09032022-021090/2022,Sem objeto definido,SETRAB,Despesa,,,11107/2024,268690,"153.500,00","1.842,00",,,"151.658,00","342.863,33",2_NE 11107 NF 268690.pdf,,1_COMP NF 268448 E 268690.pdf,1_IR NF 268690.pdf,,,,31192
2024,134990-2,31192,Sargento Fahur,202240660004,09032022-021090/2022,Sem objeto definido,SETRAB,Despesa,,,39137/2024,850,"37.679,64",,,,"37.679,64","305.183,69",1_NE 39137 NF 850.pdf,1_O 76006 NF 850.pdf,1_COMP NF 850.pdf,,,,,31192
2024,134990-2,31192,Sargento Fahur,202240660004,09032022-021090/2022,Sem objeto definido,SETRAB,Despesa,,,44039/2024,18,"1.760,00",,,,"1.760,00","303.423,69",1_NE 44039 NF 18.pdf,1_O 82048 NF 18.pdf,1_COMP NF 18.pdf,,,,,31192
2024,134990-2,31192,Sargento Fahur,202240660004,09032022-021090/2022,Sem objeto definido,SETRAB,Despesa,,,44106/2024,48,"420,00",,,,"420,00","303.003,69",2_ NE 44106 NF 48.pdf,2_O 82054 NF 48.pdf,2_COMP NF 48.pdf,,,,,31192
2024,134990-2,31192,Sargento Fahur,202240660004,09032022-021090/2022,Sem objeto definido,SETRAB,Despesa,,,44376/2024,2436,"32.000,00",,,,"32.000,00","271.003,69",3_ NE 44376 NF 2436.pdf,3_O 81992 NF 2436.pdf,3_COMP NF 2436.pdf,,,,,31192
2024,134990-2,31192,Sargento Fahur,202240660004,09032022-021090/2022,Sem objeto definido,SETRAB,Despesa,,,44044/2024,1299,"2.040,00",,,,"2.040,00","268.963,69",4_ NE 44044 NF 1299.pdf,4_O 83568 NF 1299.pdf,4_COMP NF 1299.pdf,,,,,31192
2024,134990-2,31192,Sargento Fahur,202240660004,09032022-021090/2022,Sem objeto definido,SETRAB,Despesa,,,44109/2024,1229,"824,17",,,,"824,17","268.139,52",5_ NE 44109 NF 1229.pdf,5_O 82611 NF 1229.pdf,5_COMP NF 1229.pdf,,,,,31192
2024,134990-2,31192,Sargento Fahur,202240660004,09032022-021090/2022,Sem objeto definido,SETRAB,Despesa,,,44321/2024,2677,"9.889,10",,,,"9.889,10","258.250,42",6_NE 44321 NF 2677.pdf,6_LIQ NF 2677.pdf,6_COMP NF 2677.pdf,,,,,31192
2024,134990-2,31192,Sargento Fahur,202240660004,09032022-021090/2022,Sem objeto definido,SETRAB,Despesa,,,39142/2024,937,"42.140,00",,,,"42.140,00","216.110,42",2_NE 39142 NF 937.pdf,2_O 77801 NF 937.pdf,2_COMP NF 937.pdf,,,,,31192
2024,134990-2,31192,Sargento Fahur,202240660004,09032022-021090/2022,Sem objeto definido,SETRAB,Despesa,,,44006/2024,10502,"2.095,00",,,,"2.095,00","214.015,42",7_NE 44006 NF 10502.pdf,7_LIQ NF 10502.pdf,7_COMP NF 10502.pdf,,,,,31192
2024,134990-2,31192,Sargento Fahur,202240660004,09032022-021090/2022,Sem objeto definido,SETRAB,Despesa,,,44107/2024,5336,"2.225,00",,,,"2.225,00","211.790,42",8_NE 44107 NF 5336.pdf,8_LIQ NF 5336.pdf,8_COMP NF 5336.pdf,,,,,31192
2024,134990-2,31192,Sargento Fahur,202240660004,09032022-021090/2022,Sem objeto definido,SETRAB,Despesa,,,44144/2024,9511,"1.250,00",,,,"1.250,00","210.540,42",9_NE 44144 NF 9511.pdf,9_LIQ NF 9511.pdf,9_COMP NF 9511.pdf,,,,,31192
2024,134990-2,31192,Sargento Fahur,202240660004,09032022-021090/2022,Sem objeto definido,SETRAB,Receita,,"26.981,98",,,,,,,"0,00","237.522,40",,,,,,,,31192
2025,134990-2,31192,Sargento Fahur,202240660004,09032022-021090/2022,Sem objeto definido,SETRAB,Despesa,,,44319/2025,82,"9.250,00",,,,"9.250,00","228.272,40",1_ NE 44319 NF 082.pdf,1_O 1257 NF 82.pdf,1_COMP NF 82.pdf,,,,,31192
2025,134990-2,31192,Sargento Fahur,202240660004,09032022-021090/2022,Sem objeto definido,SETRAB,Despesa,,,44377/2024,7752,"1.298,70",,,,"1.298,70","226.973,70",2_ NE 44377  NF 7752.pdf,2_O 1260 NF 7752.pdf,2_COMP NF 7752.pdf,,,,,31192
2025,134990-2,31192,Sargento Fahur,202240660004,09032022-021090/2022,Sem objeto definido,SETRAB,Despesa,,,48402/2024,5381,"6.750,00",,,,"6.750,00","220.223,70",1_NE 48402 NF 5381.pdf,,1_COMP_NF 5381.pdf,,,,,31192
2025,134990-2,31192,Sargento Fahur,202240660004,09032022-021090/2022,Sem objeto definido,SETRAB,Despesa,,,44009/2024,6106457,"1.312,00",,,,"1.312,00","218.911,70",2_NE 44009 NF 6106457.pdf,,2_COMP_NF 6457.pdf,,,,,31192
2025,134990-2,31192,Sargento Fahur,202240660004,09032022-021090/2022,Sem objeto definido,SETRAB,Despesa,,,47188/2024,,"1.769,99",,,,"1.769,99","217.141,71",,,,,,,,31192
2025,134990-2,31192,Sargento Fahur,202240660004,09032022-021090/2022,Sem objeto definido,SETRAB,Despesa,,,13357/2025,3153811,"25.440,00","305,28",,,"25.134,72","191.701,71",1_NE 13357 NF 3153811.pdf,1_LIQ NF 3153811.pdf,1_COMP_NF 3153811.pdf,1_IR NF 3153811.pdf,,,,31192
2025,134990-2,31192,Sargento Fahur,202240660004,09032022-021090/2022,Sem objeto definido,SETRAB,Despesa,,,21782/2025,772,"3.900,00","46,8",,,"3.853,20","187.801,71",2_NE 21782 NF 772.pdf,2_LIQ NF 772.pdf,2_COMP_NF 772.pdf,2_IR NF 772.pdf,,,,31192
2025,134990-2,31192,Sargento Fahur,202240660004,09032022-021090/2022,Sem objeto definido,SETRAB,Receita,,"19.469,49",,,,,,,"0,00","207.271,20",,,,,,,,31192
2026,134990-2,31192,Sargento Fahur,202240660004,09032022-021090/2022,Sem objeto definido,SETRAB,Receita,,"6.590,78",,,,,,,"0,00","213.861,98",,,,,,,,31192
2022,134990-2,31192,Sargento Fahur,202240660004,09032022-021090/2022,Sem objeto definido,SAS,Receita,"100.000,00",,,,,,,,"0,00","313.861,98",,,,,,,,31192
2022,134990-2,31192,Sargento Fahur,202240660004,09032022-021090/2022,Sem objeto definido,SAS,Receita,,"4.999,15",,,,,,,"0,00","318.861,13",,,,,,,,31192
2023,134990-2,31192,Sargento Fahur,202240660004,09032022-021090/2022,Sem objeto definido,SAS,Despesa,,,42494/2022,3320,"92.000,00",1104,,,"90.896,00","226.861,13",1_NE 42494 NF 3320.pdf,1_O 261 NF 3320.pdf,1_COMP NF 3320.pdf,1_IR NF 3320.pdf,,,,31192
2023,134990-2,31192,Sargento Fahur,202240660004,09032022-021090/2022,Sem objeto definido,SAS,Despesa,,,9236/2023,218,"1.200,00",,,,"1.200,00","225.661,13",3_NE 9236 NF 218.pdf,3_LIQ NF 218.pdf,3_COMP NF 218.pdfk,,,,,31192
2023,134990-2,31192,Sargento Fahur,202240660004,09032022-021090/2022,Sem objeto definido,SAS,Despesa,,,9486/2023,22805,139,,,,139,"225.522,13",1_NE 9486 NF 22805.pdf,1_LIQ NF 22805.pdf,1_COMP NF 22805.pdf,,,,,31192
2023,134990-2,31192,Sargento Fahur,202240660004,09032022-021090/2022,Sem objeto definido,SAS,Despesa,,,9487/2023,3394,839,,,,839,"224.683,13",1_NE 9487 NF 3394.pdf,1_O 45286 NF 3394.pdf,1_COMP NF 3394.pdf,,,,,31192
2023,134990-2,31192,Sargento Fahur,202240660004,09032022-021090/2022,Sem objeto definido,SAS,Despesa,,,9488/2023,897,"637,05",,,,"637,05","224.046,08",2_NE 9488 NF 897.pdf,2_LIQ NF 897.pdf,2_COMP NF 897.pdf,,,,,31192
2023,134990-2,31192,Sargento Fahur,202240660004,09032022-021090/2022,Sem objeto definido,SAS,Despesa,,,6281/2023,8381,498,,,,498,"223.548,08",4_NE 6281 NF 8381.pdf,4_LIQ NF 8381.pdf,4_COMP NF 8381.pdf,,,,,31192
2023,134990-2,31192,Sargento Fahur,202240660004,09032022-021090/2022,Sem objeto definido,SAS,Receita,,"7.030,65",,,,,,,0,"230.578,73",,,,,,,,31192
2024,134990-2,31192,Sargento Fahur,202240660004,09032022-021090/2022,Sem objeto definido,SAS,Receita,,"3.661,81",,,,,,,0,"234.240,54",,,,,,,,31192
2025,134990-2,31192,Sargento Fahur,202240660004,09032022-021090/2022,Sem objeto definido,SAS,Receita,,"2.642,27",,,,,,,"0,00","236.882,81",,,,,,,,31192
2025,134990-2,31192,Sargento Fahur,202240660004,09032022-021090/2022,Sem objeto definido,SAS,Receita,,"894,46",,,,,,,"0,00","237.777,27",,,,,,,,31192
2022,134990-2,31192,Sargento Fahur,202240660004,09032022-021090/2022,Sem objeto definido,AMITECH,Receita,"250.000,00",,,,,,,,"0,00","487.777,27",,,,,,,,31192
2022,134990-2,31192,Sargento Fahur,202240660004,09032022-021090/2022,Sem objeto definido,AMITECH,Receita,,"12.503,30",,,,,,,"0,00","500.280,57",,,,,,,,31192
2023,134990-2,31192,Sargento Fahur,202240660004,09032022-021090/2022,Sem objeto definido,AMITECH,Despesa,,,4306/2023,693,"4.092,80",,,,"4.092,80","496.187,77",1_NE 4306 NF 693.pdf,,1_COMP NF 693.pdf,,,,,31192
2023,134990-2,31192,Sargento Fahur,202240660004,09032022-021090/2022,Sem objeto definido,AMITECH,Despesa,,,4307/2023,187,"206.271,00","2475,25",,,"203.795,75","289.916,77",1_NE 4307 NF 187.pdf,1_LIQ NF 187.pdf,1_COMP_NF 187.pdf,1_IR NF 187.pdf,,,,31192
2023,134990-2,31192,Sargento Fahur,202240660004,09032022-021090/2022,Sem objeto definido,AMITECH,Despesa,,,4303/2023,3539,"3.485,00","41,82",,,"3.443,18","286.431,77",2_NE 4303 NF 3539.pdf,2_LIQ NF 3539.pdf,2_COMP_NF 3539.pdf,2_IR NF 3539.pdf,,,,31192
2023,134990-2,31192,Sargento Fahur,202240660004,09032022-021090/2022,Sem objeto definido,AMITECH,Despesa,,,4305/2023,22553,"5.838,00",,,,"5.838,00","280.593,77",3_NE 4305 NF 22553.pdf,3_LIQ NF 22553.pdf,3_COMP_NF 22553.pdf,,,,,31192
2023,134990-2,31192,Sargento Fahur,202240660004,09032022-021090/2022,Sem objeto definido,AMITECH,Despesa,,,4302/2023,676308,"673,00","8,07",,,"664,93","279.920,77",2_NE 4302 NF 676308.pdf,2_LIQ 23247 NF 676308.pdf,2_COMP NF 676308.pdf,2_IR NF 676308.pdf,,,,31192
2023,134990-2,31192,Sargento Fahur,202240660004,09032022-021090/2022,Sem objeto definido,AMITECH,Despesa,,,4304/2023,7954,"4.690,00",,,,"4.690,00","275.230,77",3_NE 4304 NF 7954.pdf,3_LIQ NF 7954.pdf,3_COMP NF 795.pdf,,,,,31192
2023,134990-2,31192,Sargento Fahur,202240660004,09032022-021090/2022,Sem objeto definido,AMITECH,Despesa,,,16408/2023,919,"1.960,00",,,,"1.960,00","273.270,77",1_NE 16408 NF 919.pdf,1_LIQ NF 919.pdf,1_COMP NF 919.pdf,,,,,31192
2024,134990-2,31192,Sargento Fahur,202240660004,09032022-021090/2022,Sem objeto definido,AMITECH,Despesa,,,45628/2023,,"22.740,00",,,,"22.740,00","250.530,77",1_NE 45628 NF 612.pdf,1_O 45628 NF 612.pdf,1_COMP NF 612.pdf,,,,,31192
2022,134990-2,31192,Sargento Fahur,202240660004,09032022-021090/2022,Sem objeto definido,AMITECH,Receita,,"17.584,27",,,,,,,0,"268.115,04",,,,,,,,31192
2024,134990-2,31192,Sargento Fahur,202240660004,09032022-021090/2022,Sem objeto definido,AMITECH,Receita,,"9.158,51",,,,,,,"0,00","277.273,55",,,,,,,,31192
2025,134990-2,31192,Sargento Fahur,202240660004,09032022-021090/2022,Sem objeto definido,AMITECH,Receita,,"6.608,54",,,,,,,"0,00","283.882,09",,,,,,,,31192
2026,134990-2,31192,Sargento Fahur,202240660004,09032022-021090/2022,Sem objeto definido,AMITECH,Receita,,"2.237,11",,,,,,,"0,00","286.119,20",,,,,,,,31192
2024,141591-3,1264,ZECA DIRCEU,202428490007,09032024-071513 / 2024,salões comunitários,AMETRO,Receita,"200.000,00",,,,,,,,,"200.000,00",,,,,,,,1264
2024,141591-3,1264,ZECA DIRCEU,202428490007,09032024-071513 / 2024,salões comunitários,AMETRO,Receita,,"729,26",,,,,,,,"200.729,26",,,,,,,,1264
2025,141591-3,1264,ZECA DIRCEU,202428490007,09032024-071513 / 2024,salões comunitários,AMETRO,Despesa,,,610/2025,127025,"91.000,00","1.092,00",,,"89.908,00","109.729,26",1_NE 610 NF 127025.pdf,1_LIQ NF 127025 E 127026.pdf,COMP_NF 127025.pdf,1_ IR NF 127025.pdf,,,,1264
2025,141591-3,1264,ZECA DIRCEU,202428490007,09032024-071513 / 2024,salões comunitários,AMETRO,Despesa,,,610/2025,127026,"91.000,00","1.092,00",,,"89.908,00","18.729,26",2_NE 610 NF 127026.pdf,1_LIQ NF 127025 E 127026.pdf,COMP_NF 127026.pdf,2_ IR NF 127026.pdf,,,,1264
2025,141591-3,1264,ZECA DIRCEU,202428490007,09032024-071513 / 2024,salões comunitários,AMETRO,Receita,,"9.693,40",,,,,,,,"28.422,66",,,,,,,,1264
2026,141591-3,1264,ZECA DIRCEU,202428490007,09032024-071513 / 2024,salões comunitários,AMETRO,Receita,,"826,75",,,,,,,,"29.249,41",,,,,,,,1264
2024,141590-5,1266,SARGENTO FAHUR,202440660015,09032024-070455,Aquisição de Equipamentos de Limpeza Para Distrito de Iguatemi ,GAPRE,Receita,"100.000,00",,,,,,,,,"100.000,00",,,,,,,,1266
2024,141590-5,1266,SARGENTO FAHUR,202440660015,09032024-070455,Aquisição de Equipamentos de Limpeza Para Distrito de Iguatemi ,GAPRE,Despesa,,,44136/2024,1033,"3.240,00","38,88",,,"3.201,12","96.760,00",NE 44136 NF 1033.pdf,1_O 44136 NF 1033.pdf,1_COMP NF 1033.pdf,1_IR NF 1033.pdf,,,,1266
2024,141590-5,1266,SARGENTO FAHUR,202440660015,09032024-070455,Aquisição de Equipamentos de Limpeza Para Distrito de Iguatemi ,GAPRE,Receita,,"2.805,58",,,,,,,,"99.565,58",,,,,,,,1266
2024,141590-5,1266,SARGENTO FAHUR,202440660015,09032024-070455,Aquisição de Equipamentos Elétricos Incapacitante,SEMOB,Receita,,"5.611,39",,,,,,,,"105.176,97",,,,,,,,1266
2024,141590-5,1266,SARGENTO FAHUR,202440660015,09032024-070455,CAMINHÃO REFRIGERADO,SETRAB,Receita,,"8417,21",,,,,,,,"113.594,18",,,,,,,,1266
2024,141590-5,1266,SARGENTO FAHUR,202440660015,09032024-070455,LIBRAS,SEPED,Receita,,"7.014,18",,,,,,,,"120.608,36",,,,,,,,1266
2025,141590-5,1266,SARGENTO FAHUR,202440660015,09032024-070455,Aquisição de Equipamentos Elétricos Incapacitante,SEMOP,Despesa,,,11652/2025,3906,"197.155,20","2.365,86",,,"194.789,34","-76.546,84",1_NE 11652 NF 39706.pdf,1_O 22640 NF 39706.pdf,1_COMP NF 39706.pdf,1_IR NF 39706.pdf,,,,1266
2025,141590-5,1266,SARGENTO FAHUR,202440660015,09032024-070455,Aquisição de Equipamentos Elétricos Incapacitante,SEMOP,Receita,"200.000,00",,,,,,,,,"123.453,16",,,,,,,,1266
2025,141590-5,1266,SARGENTO FAHUR,202440660015,09032024-070455,CAMINHÃO REFRIGERADO,SETRAB,Receita,"300.000,00",,,,,,,,,"423.453,16",,,,,,,,1266
2025,141590-5,1266,SARGENTO FAHUR,202440660015,09032024-070455,CAMINHÃO REFRIGERADO,SETRAB,Despesa,,,11857/2025,1389489,"288.768,00","3.465,22",,,"285.302,78","134.685,16",1_NE 11857 NF 1389489.pdf,1_O 48622 NF 1389489.pdf,1_COMP NF 1389489.pdf,1_IR NF 1389489.pdf,,,,1266
2025,141590-5,1266,SARGENTO FAHUR,202440660015,09032024-070455,LIBRAS,SEPED,Receita,"250.000,00",,,,,,,,,"384.685,16",,,,,,,,1266
2025,141590-5,1266,SARGENTO FAHUR,202440660015,09032024-070455,Aquisição de Equipamentos de Limpeza Para Distrito de Iguatemi ,GAPRE,Receita,,"7891,84",,,,,,,,"392.577,00",,,,,,,,1266
2025,141590-5,1266,SARGENTO FAHUR,202440660015,09032024-070455,Aquisição de Equipamentos Elétricos Incapacitante,SEMOB,Receita,,"15783,63",,,,,,,,"408.360,63",,,,,,,,1266
2025,141590-5,1266,SARGENTO FAHUR,202440660015,09032024-070455,CAMINHÃO REFRIGERADO,SETRAB,Receita,,"23675,52",,,,,,,,"432.036,15",,,,,,,,1266
2025,141590-5,1266,SARGENTO FAHUR,202440660015,09032024-070455,LIBRAS,SEPED,Receita,,"19726,91",,,,,,,,"451.763,06",,,,,,,,1266
2026,141590-5,1266,SARGENTO FAHUR,202440660015,09032024-070455,LIBRAS,SEPED,Despesa,,,6272/2026,24687,"21.900,00","1.095,00",,,"20.805,00","429.863,06",1_NE 6272 NF 24687.pdf,1_LIQ 8112 NF 24687 OK.pdf,1_COMP NF 24687.pdf,1_COMP NF 24687.pdf,,,,1266
2026,141590-5,1266,SARGENTO FAHUR,202440660015,09032024-070455,LIBRAS,SEPED,Despesa,,,6272/2026,24942,"21.900,00","1.095,00",,,"21.900,00","406.868,06",1_NE 6272 NF 24942.pdf,1_LIQ NF 24942 OK.pdf,1_COMP NF 24942.pdf,1_COMP NF 24942.pdf,,,,1266
2026,141590-5,1266,SARGENTO FAHUR,202440660015,09032024-070455,Aquisição de Equipamentos de Limpeza Para Distrito de Iguatemi ,GAPRE,Receita,,"890,3",,,,,,,,"407.758,36",,,,,,,,1266
2026,141590-5,1266,SARGENTO FAHUR,202440660015,09032024-070455,Aquisição de Equipamentos Elétricos Incapacitante,SEMOB,Receita,,"1780,56",,,,,,,,"409.538,92",,,,,,,,1266
2026,141590-5,1266,SARGENTO FAHUR,202440660015,09032024-070455,CAMINHÃO REFRIGERADO,SETRAB,Receita,,"2670,93",,,,,,,,"412.209,85",,,,,,,,1266
2026,141590-5,1266,SARGENTO FAHUR,202440660015,09032024-070455,LIBRAS,SEPED,Receita,,"2224,46",,,,,,,,"414.434,31",,,,,,,,1266